impoundment_code,sample_date,anglers_boat_first_count,anglers_boat_second_count,anglers_shore_first_count,anglers_shore_second_count,event_id
HISB,3/3/1999,0,0,0,0,109862
CGSB,3/7/1999,0,0,0,0,100256
HISB,3/7/1999,0,0,1,1,109863
CGSB,3/12/1999,0,0,3,3,100263
HISB,3/12/1999,0,0,4,4,109868
CGSB,3/13/1999,0,0,4,4,100264
HISB,3/13/1999,0,0,8,8,109869
CGSB,3/14/1999,0,0,2,2,100257
CGSB,3/16/1999,0,0,4,4,100258
HISB,3/16/1999,0,0,4,4,109870
CGSB,3/21/1999,0,0,9,9,100265
HISB,3/21/1999,0,0,22,22,109871
CGSB,3/22/1999,0,0,4,4,100260
HISB,3/22/1999,0,0,2,2,109865
CGSB,3/23/1999,0,0,7,7,100266
HISB,3/23/1999,0,0,1,1,109872
CGSB,3/27/1999,0,0,0,0,100261
HISB,3/27/1999,0,0,6,6,109866
CGSB,3/28/1999,0,0,5,5,100262
HISB,3/28/1999,0,0,17,17,109867
CGSB,3/30/1999,0,0,0,0,100259
HISB,3/30/1999,0,0,3,3,109864
CGSB,4/2/1999,0,0,0,0,100273
HISB,4/2/1999,0,0,8,8,109879
CGSB,4/3/1999,0,0,1,1,100279
CGSB,4/3/1999,0,0,2,2,100274
HISB,4/3/1999,0,0,22,22,109885
HISB,4/3/1999,0,0,20,20,109880
CGSB,4/5/1999,0,0,3,3,100275
HISB,4/5/1999,0,0,8,8,109881
CGSB,4/6/1999,0,0,2,2,100280
HISB,4/6/1999,0,0,0,0,109886
CGSB,4/10/1999,0,0,4,4,100267
HISB,4/10/1999,0,0,0,0,109873
CGSB,4/11/1999,0,0,4,4,100276
CGSB,4/11/1999,0,0,0,0,100268
HISB,4/11/1999,0,0,18,18,109882
HISB,4/11/1999,0,0,8,8,109874
CGSB,4/13/1999,0,0,7,7,100269
HISB,4/13/1999,0,0,1,1,109875
CGSB,4/16/1999,0,0,0,0,100281
HISB,4/16/1999,0,0,5,5,109887
CGSB,4/17/1999,0,0,4,4,100282
HISB,4/17/1999,0,0,0,0,109888
CGSB,4/18/1999,0,0,4,4,100283
HISB,4/18/1999,0,0,9,9,109889
CGSB,4/22/1999,0,0,5,5,100270
HISB,4/22/1999,0,0,2,2,109876
CGSB,4/23/1999,0,0,5,5,100284
HISB,4/23/1999,0,0,7,7,109890
CGSB,4/24/1999,0,0,6,6,100271
HISB,4/24/1999,0,0,5,5,109877
CGSB,4/25/1999,0,0,8,8,100277
HISB,4/25/1999,0,0,8,8,109883
CGSB,4/27/1999,0,0,2,2,100278
HISB,4/27/1999,0,0,11,2,109884
CGSB,4/29/1999,0,0,1,1,100272
HISB,4/29/1999,0,0,7,7,109878
CGSB,5/1/1999,0,0,5,5,88920
HISB,5/1/1999,0,0,19,19,90975
CGSB,5/2/1999,0,0,8,8,100291
HISB,5/2/1999,0,0,11,11,109897
CGSB,5/4/1999,0,0,7,7,100285
HISB,5/4/1999,0,0,2,2,109891
CGSB,5/6/1999,0,0,4,4,100292
HISB,5/6/1999,0,0,6,6,109898
CGSB,5/7/1999,0,0,0,0,100293
HISB,5/7/1999,0,0,8,8,109899
CGSB,5/8/1999,0,0,6,6,100297
HISB,5/8/1999,0,0,8,8,109900
CGSB,5/9/1999,0,0,2,2,100286
HISB,5/9/1999,0,0,4,4,109892
CGSB,5/10/1999,0,0,2,2,100294
HISB,5/10/1999,0,0,8,8,109901
CGSB,5/11/1999,0,0,3,3,100287
HISB,5/11/1999,0,0,3,3,109893
CGSB,5/12/1999,0,0,2,2,100298
HISB,5/12/1999,0,0,15,15,109903
CGSB,5/15/1999,0,0,5,5,100295
HISB,5/15/1999,0,0,21,21,109904
CGSB,5/16/1999,0,0,4,4,100288
HISB,5/16/1999,0,0,0,0,109894
CGSB,5/19/1999,0,0,4,4,100299
HISB,5/19/1999,0,0,17,17,109905
CGSB,5/23/1999,0,0,2,2,100289
HISB,5/23/1999,0,0,0,0,109895
CGSB,5/25/1999,0,0,2,2,100300
HISB,5/25/1999,0,0,15,15,109906
CGSB,5/26/1999,0,0,1,1,100290
HISB,5/26/1999,0,0,6,6,109896
CGSB,5/29/1999,0,0,7,7,100301
HISB,5/29/1999,0,0,36,36,109907
CGSB,5/30/1999,0,0,7,7,100296
HISB,5/30/1999,0,0,26,26,109902
CGSB,6/1/1999,0,0,7,7,88921
HISB,6/1/1999,0,0,7,7,90977
CGSB,6/3/1999,0,0,1,1,100307
HISB,6/3/1999,0,0,2,2,109908
CGSB,6/5/1999,0,0,5,5,100302
HISB,6/5/1999,0,0,8,8,109909
CGSB,6/6/1999,0,0,7,7,100313
HISB,6/6/1999,0,0,12,12,109919
CGSB,6/7/1999,0,0,2,2,100308
HISB,6/7/1999,0,0,6,6,109915
CGSB,6/8/1999,0,0,1,1,100303
HISB,6/8/1999,0,0,4,4,109910
CGSB,6/10/1999,0,0,12,12,100309
HISB,6/10/1999,0,0,5,5,109916
CGSB,6/12/1999,0,0,0,0,100310
CGSB,6/12/1999,0,0,2,2,100304
HISB,6/12/1999,0,0,10,10,109917
HISB,6/12/1999,0,0,10,10,109911
CGSB,6/13/1999,0,0,15,15,100314
HISB,6/13/1999,0,0,3,3,109920
CGSB,6/16/1999,0,0,2,2,100305
HISB,6/16/1999,0,0,0,0,109912
CGSB,6/19/1999,0,0,2,2,100315
HISB,6/19/1999,0,0,20,20,109921
CGSB,6/20/1999,0,0,7,7,100311
HISB,6/20/1999,0,0,31,31,109913
CGSB,6/23/1999,0,0,15,15,100316
HISB,6/23/1999,0,0,22,22,109922
CGSB,6/24/1999,0,0,9,9,100317
HISB,6/24/1999,0,0,14,14,109923
CGSB,6/26/1999,0,0,8,8,100312
HISB,6/26/1999,0,0,8,8,109918
CGSB,6/27/1999,0,0,8,8,100306
HISB,6/27/1999,0,0,0,0,109914
CGSB,6/28/1999,0,0,9,9,100318
HISB,6/28/1999,0,0,15,15,109924
CGSB,7/2/1999,0,0,3,3,100324
HISB,7/2/1999,0,0,10,10,109929
CGSB,7/3/1999,0,0,0,0,100327
CGSB,7/3/1999,0,0,10,10,100319
HISB,7/3/1999,0,0,4,4,109933
CGSB,7/9/1999,0,0,6,6,100320
HISB,7/9/1999,0,0,4,4,109925
CGSB,7/10/1999,0,0,15,15,100325
HISB,7/10/1999,0,0,4,4,109930
CGSB,7/11/1999,0,0,2,2,100326
HISB,7/11/1999,0,0,12,12,109931
CGSB,7/15/1999,0,0,4,4,100328
HISB,7/15/1999,0,0,3,3,109934
CGSB,7/16/1999,0,0,2,2,100329
HISB,7/16/1999,0,0,14,14,109935
CGSB,7/18/1999,0,0,8,8,100330
HISB,7/18/1999,0,0,15,15,109936
HISB,7/23/1999,0,0,1,1,109926
CGSB,7/24/1999,0,0,1,1,100321
HISB,7/24/1999,0,0,3,3,109932
CGSB,7/28/1999,0,0,4,4,100322
HISB,7/28/1999,0,0,11,2,109927
CGSB,7/31/1999,0,0,5,5,100323
HISB,7/31/1999,0,0,0,0,109928
CGSB,8/3/1999,0,0,4,4,100331
HISB,8/3/1999,0,0,0,0,109937
CGSB,8/4/1999,0,0,4,4,100339
HISB,8/4/1999,0,0,12,12,109944
CGSB,8/7/1999,0,0,1,1,100336
CGSB,8/10/1999,0,0,0,0,100337
HISB,8/11/1999,0,0,5,5,109940
CGSB,8/15/1999,0,0,4,4,100332
CGSB,8/16/1999,0,0,0,0,100340
CGSB,8/21/1999,0,0,2,2,100338
HISB,8/21/1999,0,0,4,4,109941
CGSB,8/22/1999,0,0,0,0,100341
HISB,8/22/1999,0,0,0,0,109945
CGSB,8/26/1999,0,0,0,0,100333
HISB,8/27/1999,0,0,0,0,109942
CGSB,8/28/1999,0,0,2,2,100334
HISB,8/28/1999,0,0,11,2,109943
CGSB,8/29/1999,0,0,0,0,100342
HISB,8/29/1999,0,0,0,0,109938
HISB,8/30/1999,0,0,0,0,109946
CGSB,8/31/1999,0,0,0,0,100335
HISB,8/31/1999,0,0,0,0,109939
CGSB,9/3/1999,0,0,4,4,100351
HISB,9/3/1999,0,0,10,10,109953
CGSB,9/5/1999,0,0,5,5,100352
HISB,9/5/1999,0,0,1,1,109954
CGSB,9/7/1999,0,0,0,0,100343
HISB,9/7/1999,0,0,6,6,109947
CGSB,9/8/1999,0,0,1,1,100353
HISB,9/8/1999,0,0,3,3,109955
CGSB,9/12/1999,0,0,2,2,100344
CGSB,9/18/1999,0,0,0,0,100347
HISB,9/18/1999,0,0,4,4,109949
CGSB,9/19/1999,0,0,4,4,100345
CGSB,9/23/1999,0,0,0,0,100348
HISB,9/23/1999,0,0,5,5,109950
CGSB,9/24/1999,0,0,0,0,100349
HISB,9/24/1999,0,0,0,0,109951
CGSB,9/25/1999,0,0,0,0,100354
HISB,9/25/1999,0,0,0,0,109956
CGSB,9/26/1999,0,0,2,2,100350
HISB,9/26/1999,0,0,10,10,109952
CGSB,9/28/1999,0,0,1,1,100346
HISB,9/28/1999,0,0,1,1,109948
CGSB,10/2/1999,0,0,1,1,100359
HISB,10/2/1999,0,0,0,0,109961
CGSB,10/3/1999,0,0,1,1,100363
HISB,10/3/1999,0,0,0,0,109966
CGSB,10/6/1999,0,0,0,0,100355
HISB,10/6/1999,0,0,11,2,109957
CGSB,10/9/1999,0,0,1,1,100356
HISB,10/9/1999,0,0,6,6,109958
CGSB,10/12/1999,0,0,0,0,100364
HISB,10/12/1999,0,0,2,2,109967
CGSB,10/13/1999,0,0,0,0,100357
HISB,10/13/1999,0,0,1,1,109959
CGSB,10/17/1999,0,0,1,1,100365
HISB,10/17/1999,0,0,0,0,109962
CGSB,10/20/1999,0,0,0,0,100360
HISB,10/20/1999,0,0,2,2,109963
CGSB,10/24/1999,0,0,0,0,100361
HISB,10/24/1999,0,0,0,0,109964
CGSB,10/25/1999,0,0,0,0,100366
HISB,10/25/1999,0,0,0,0,109968
CGSB,10/28/1999,0,0,1,1,100362
HISB,10/28/1999,0,0,1,1,109965
CGSB,10/30/1999,0,0,2,2,100358
HISB,10/30/1999,0,0,0,0,109960
CLSB,11/9/1999,0,0,6,6,100848
CLSB,11/13/1999,0,0,2,2,100843
CLSB,11/16/1999,0,0,0,0,100849
CLSB,11/17/1999,0,0,0,0,100844
CLSB,11/18/1999,0,0,2,0,100850
CLSB,11/20/1999,0,0,2,0,100851
CLSB,11/23/1999,0,0,0,0,100845
CLSB,11/27/1999,0,0,0,0,100852
CLSB,11/28/1999,0,0,0,0,100846
CLSB,11/30/1999,0,0,0,0,100847
CLSB,12/5/1999,0,0,0,0,100853
CLSB,12/11/1999,0,0,0,0,100854
CLSB,12/14/1999,0,0,0,0,100855
CLSB,12/18/1999,0,0,0,0,100856
CLSB,12/19/1999,0,0,0,0,100859
CLSB,12/21/1999,0,0,0,0,100860
CLSB,12/27/1999,0,0,0,0,100861
CLSB,12/29/1999,0,0,0,0,100857
CLSB,12/30/1999,0,0,0,0,100858
CLSB,1/9/2000,0,0,0,0,100862
CLSB,1/12/2000,2,0,5,0,100866
CLSB,1/13/2000,0,0,0,0,100863
CLSB,1/16/2000,0,0,0,0,100867
CLSB,1/18/2000,0,0,0,0,100864
CLSB,1/21/2000,0,0,0,0,100868
CLSB,1/22/2000,0,0,0,0,100869
CLSB,1/23/2000,0,0,0,0,100870
CLSB,1/29/2000,0,0,0,0,100865
CLSB,2/3/2000,0,0,0,0,100871
CLSB,2/5/2000,0,0,0,0,100877
CLSB,2/6/2000,0,0,0,0,100872
CLSB,2/12/2000,0,0,0,0,100878
CLSB,2/13/2000,0,0,0,0,100879
CLSB,2/17/2000,0,0,0,2,100880
CLSB,2/19/2000,0,0,0,0,100873
CLSB,2/22/2000,0,0,0,0,100874
CLSB,2/23/2000,0,0,0,0,100875
CLSB,2/28/2000,0,0,0,0,100876
CLSB,2/29/2000,0,0,0,0,100881
MISB,3/1/2000,0,0,17,0,93457
MISB,3/6/2000,0,0,5,0,121813
MISB,3/9/2000,0,0,1,0,121806
MISB,3/11/2000,0,0,12,0,121810
MISB,3/12/2000,0,0,9,0,121814
MISB,3/15/2000,0,0,23,0,121811
MISB,3/18/2000,0,0,0,0,121807
MISB,3/19/2000,0,0,9,0,121808
MISB,3/20/2000,0,0,6,0,121809
MISB,3/22/2000,0,0,13,0,121812
MISB,3/25/2000,0,0,11,0,121815
MISB,4/1/2000,0,0,14,0,93459
MISB,4/2/2000,0,0,5,0,121827
MISB,4/3/2000,0,0,10,0,121828
MISB,4/4/2000,0,0,3,0,121829
MISB,4/7/2000,0,0,0,0,121822
MISB,4/9/2000,0,0,1,0,121816
MISB,4/11/2000,0,0,2,0,121817
MISB,4/12/2000,0,0,9,0,121823
MISB,4/15/2000,0,0,0,0,121818
MISB,4/16/2000,0,0,7,0,121830
MISB,4/17/2000,0,0,2,0,121824
MISB,4/21/2000,0,0,17,0,121831
MISB,4/22/2000,0,0,17,0,121825
MISB,4/23/2000,0,0,3,0,121826
MISB,4/24/2000,0,0,2,0,121819
MISB,4/27/2000,0,0,2,0,121820
MISB,4/29/2000,0,0,31,0,121832
MISB,4/30/2000,0,0,3,0,121821
MISB,5/1/2000,0,0,4,0,93462
MISB,5/3/2000,0,0,12,0,121833
MISB,5/4/2000,0,0,27,0,121845
MISB,5/6/2000,0,0,7,0,121846
MISB,5/7/2000,0,0,2,0,121834
MISB,5/9/2000,0,0,4,0,121835
MISB,5/10/2000,0,0,6,0,121836
MISB,5/13/2000,0,0,22,0,121841
MISB,5/14/2000,0,0,2,0,121837
MISB,5/17/2000,0,0,5,0,121838
MISB,5/20/2000,0,0,22,0,121842
MISB,5/21/2000,0,0,4,0,121839
MISB,5/24/2000,0,0,2,0,121843
MISB,5/25/2000,0,0,34,0,121847
MISB,5/27/2000,0,0,6,0,121840
MISB,5/28/2000,0,0,22,0,121848
MISB,5/28/2000,0,0,11,0,121844
MISB,6/2/2000,0,0,2,0,121849
MISB,6/3/2000,0,0,28,0,121856
MISB,6/4/2000,0,0,11,0,121850
MISB,6/7/2000,0,0,27,0,121863
MISB,6/9/2000,0,0,11,0,121857
MISB,6/10/2000,0,0,24,0,121851
MISB,6/11/2000,0,0,27,0,121864
MISB,6/12/2000,0,0,4,0,121858
MISB,6/15/2000,0,0,14,0,121865
MISB,6/17/2000,0,0,11,0,121866
MISB,6/18/2000,0,0,20,0,121859
MISB,6/21/2000,0,0,4,0,121852
MISB,6/22/2000,0,0,14,0,121860
MISB,6/24/2000,0,0,11,0,121861
MISB,6/25/2000,0,0,34,0,121862
MISB,6/25/2000,0,0,11,0,121853
MISB,6/26/2000,0,0,4,0,121854
MISB,6/29/2000,0,0,3,0,121855
MISB,7/2/2000,0,0,17,0,121867
MISB,7/8/2000,0,0,5,0,121868
MISB,7/9/2000,0,0,11,0,121871
MISB,7/11/2000,0,0,4,0,121872
MISB,7/13/2000,0,0,5,0,121875
MISB,7/16/2000,0,0,14,0,121876
MISB,7/18/2000,0,0,8,0,121873
MISB,7/21/2000,0,0,7,0,121869
MISB,7/22/2000,0,0,27,0,121877
MISB,7/25/2000,0,0,5,0,121870
MISB,7/27/2000,0,0,11,0,121878
MISB,7/29/2000,0,0,6,0,121874
MISB,8/5/2000,0,0,11,0,121882
MISB,8/6/2000,0,0,23,0,121886
MISB,8/9/2000,0,0,2,0,121887
MISB,8/10/2000,0,0,0,0,121883
MISB,8/12/2000,0,0,5,0,121884
MISB,8/13/2000,0,0,9,0,121879
MISB,8/17/2000,0,0,5,0,121885
MISB,8/18/2000,0,0,4,0,121880
MISB,8/20/2000,0,0,11,0,121888
MISB,8/23/2000,0,0,5,0,121889
MISB,8/26/2000,0,0,7,0,121890
MISB,8/29/2000,0,0,3,0,121881
MISB,9/2/2000,0,0,5,0,121891
MISB,9/3/2000,0,0,11,0,121895
MISB,9/8/2000,0,0,7,0,121892
MISB,9/9/2000,0,0,5,0,121896
MISB,9/14/2000,0,0,5,0,121893
MISB,9/17/2000,0,0,10,0,121899
MISB,9/19/2000,0,0,4,0,121897
MISB,9/21/2000,0,0,11,0,121900
MISB,9/24/2000,0,0,6,0,121894
MISB,9/26/2000,0,0,9,0,121901
MISB,9/27/2000,0,0,5,0,121898
MISB,9/30/2000,0,0,21,0,121902
MISB,10/1/2000,0,0,7,0,93476
MISB,10/3/2000,0,0,4,0,121903
MISB,10/4/2000,0,0,14,0,121910
MISB,10/6/2000,0,0,3,0,121904
MISB,10/8/2000,0,0,7,0,121911
MISB,10/14/2000,0,0,9,0,121906
MISB,10/19/2000,0,0,0,0,121907
MISB,10/20/2000,0,0,4,0,121912
MISB,10/21/2000,0,0,5,0,121905
MISB,10/25/2000,0,0,3,0,121908
MISB,10/28/2000,0,0,23,0,121913
MISB,10/29/2000,0,0,11,0,121909
PESB,3/8/2001,0,0,10,10,125767
PESB,3/11/2001,0,0,0,0,125768
MRSB,3/13/2001,0,0,0,0,122511
PESB,3/14/2001,2,2,11,11,125769
MRSB,3/16/2001,0,0,7,0,122514
MRSB,3/17/2001,0,0,24,0,122515
MRSB,3/18/2001,0,0,5,0,122512
PESB,3/18/2001,0,0,7,7,125763
MRSB,3/20/2001,0,0,5,0,122518
MRSB,3/22/2001,0,0,1,0,122516
PESB,3/22/2001,0,0,13,13,125770
MRSB,3/24/2001,0,0,11,0,122519
PESB,3/24/2001,0,0,11,11,125771
MRSB,3/25/2001,0,0,10,0,122517
PESB,3/25/2001,0,0,11,11,125772
MRSB,3/26/2001,0,0,0,0,122520
PESB,3/28/2001,0,0,3,3,125764
PESB,3/29/2001,0,0,7,7,125765
MRSB,3/30/2001,0,0,4,0,122513
PESB,3/30/2001,0,0,8,8,125773
MRSB,3/31/2001,0,0,7,0,122521
PESB,3/31/2001,0,0,4,4,125766
MRSB,4/1/2001,0,0,2,0,93616
MRSB,4/2/2001,0,0,1,0,122528
PESB,4/2/2001,0,0,12,12,125782
MRSB,4/4/2001,0,0,1,0,122529
PESB,4/4/2001,0,0,20,20,125783
MRSB,4/6/2001,0,0,0,0,122522
PESB,4/6/2001,0,0,14,14,125777
MRSB,4/7/2001,0,0,8,0,122534
MRSB,4/8/2001,0,0,17,0,122523
PESB,4/8/2001,0,0,26,26,125778
MRSB,4/11/2001,0,0,0,0,122530
PESB,4/11/2001,0,0,8,8,125774
MRSB,4/12/2001,0,0,3,0,122535
MRSB,4/14/2001,0,0,17,0,122536
MRSB,4/14/2001,0,0,2,0,122531
PESB,4/14/2001,0,0,31,31,125775
MRSB,4/16/2001,0,0,1,0,122537
PESB,4/16/2001,0,0,15,15,125784
MRSB,4/19/2001,0,0,0,0,122524
MRSB,4/20/2001,0,0,2,0,122538
PESB,4/20/2001,0,0,16,16,125776
MRSB,4/21/2001,0,0,11,0,122532
PESB,4/21/2001,0,0,48,48,125785
MRSB,4/22/2001,0,0,0,0,122533
MRSB,4/24/2001,0,0,9,0,122525
PESB,4/27/2001,0,0,23,23,125779
MRSB,4/28/2001,0,0,1,0,122526
PESB,4/28/2001,0,0,15,15,125780
MRSB,4/29/2001,0,0,4,0,122527
PESB,4/29/2001,0,0,21,21,125786
PESB,4/29/2001,0,0,17,17,125781
MRSB,5/3/2001,0,0,0,0,122539
MRSB,5/5/2001,0,0,6,0,122551
PESB,5/5/2001,0,0,12,12,125793
MRSB,5/6/2001,0,0,6,0,122540
PESB,5/6/2001,0,0,19,19,125794
MRSB,5/7/2001,0,0,1,0,122545
PESB,5/7/2001,0,0,10,10,125798
MRSB,5/8/2001,0,0,2,0,122546
PESB,5/10/2001,0,0,5,5,125787
MRSB,5/11/2001,0,0,9,0,122552
PESB,5/11/2001,0,0,5,5,125788
MRSB,5/12/2001,0,0,8,0,122547
MRSB,5/12/2001,0,0,0,0,122541
PESB,5/12/2001,0,0,9,9,125799
MRSB,5/13/2001,0,0,7,0,122542
PESB,5/13/2001,0,0,6,6,125800
MRSB,5/14/2001,0,0,0,0,122553
PESB,5/14/2001,0,0,2,2,125795
MRSB,5/18/2001,0,0,0,0,122543
MRSB,5/19/2001,0,0,0,0,122548
PESB,5/19/2001,0,0,11,11,125801
PESB,5/19/2001,0,0,8,8,125789
MRSB,5/20/2001,0,0,8,0,122554
PESB,5/20/2001,0,0,2,2,125790
MRSB,5/22/2001,0,0,0,0,122544
PESB,5/22/2001,0,0,3,3,125802
MRSB,5/25/2001,0,0,7,0,122549
MRSB,5/26/2001,0,0,13,0,122555
PESB,5/26/2001,0,0,17,17,125796
MRSB,5/27/2001,0,0,23,0,122550
PESB,5/27/2001,0,0,5,5,125791
MRSB,5/29/2001,0,0,7,0,122556
PESB,5/29/2001,0,0,3,3,125792
PESB,5/30/2001,0,0,3,3,125797
MRSB,6/1/2001,0,0,5,0,93621
MRSB,6/2/2001,0,0,11,0,122563
PESB,6/2/2001,0,0,4,4,125803
MRSB,6/3/2001,0,0,4,0,122557
PESB,6/3/2001,0,0,8,8,125814
MRSB,6/4/2001,0,0,1,0,122558
MRSB,6/6/2001,0,0,7,0,122564
PESB,6/6/2001,0,0,2,2,125815
PESB,6/7/2001,0,0,3,3,125808
PESB,6/8/2001,0,0,10,10,125809
MRSB,6/9/2001,0,0,8,0,122559
PESB,6/9/2001,0,0,7,7,125810
MRSB,6/10/2001,0,0,4,0,122568
PESB,6/10/2001,0,0,13,13,125804
MRSB,6/12/2001,0,0,1,0,122560
PESB,6/12/2001,0,0,3,3,125811
MRSB,6/13/2001,0,0,2,0,122569
PESB,6/13/2001,0,0,4,4,125812
PESB,6/14/2001,0,0,2,2,125816
MRSB,6/15/2001,0,0,2,0,122561
MRSB,6/16/2001,0,0,0,0,122570
PESB,6/16/2001,0,0,2,2,125813
MRSB,6/17/2001,0,0,1,0,122562
PESB,6/17/2001,0,0,3,3,125817
MRSB,6/19/2001,0,0,10,0,122571
PESB,6/19/2001,0,0,2,2,125805
MRSB,6/23/2001,0,0,25,0,122565
PESB,6/23/2001,0,0,3,3,125806
MRSB,6/24/2001,0,0,17,0,122566
PESB,6/24/2001,0,0,4,4,125818
MRSB,6/26/2001,9,0,5,0,122572
PESB,6/26/2001,0,0,3,3,125807
PESB,6/27/2001,0,0,3,3,125819
MRSB,6/29/2001,0,0,9,0,122567
MRSB,6/30/2001,0,0,20,0,122573
MRSB,7/3/2001,0,0,4,0,122578
PESB,7/5/2001,0,0,5,5,125820
MRSB,7/7/2001,0,0,8,0,122579
PESB,7/7/2001,0,0,3,3,125827
MRSB,7/8/2001,0,0,4,0,122574
PESB,7/8/2001,0,0,3,3,125821
MRSB,7/10/2001,0,0,4,0,122575
PESB,7/10/2001,0,0,5,5,125828
MRSB,7/11/2001,0,0,2,0,122582
PESB,7/12/2001,0,0,6,6,125825
MRSB,7/15/2001,0,0,8,0,122576
PESB,7/15/2001,0,0,3,3,125826
MRSB,7/22/2001,0,0,7,0,122583
PESB,7/22/2001,0,0,2,2,125822
MRSB,7/24/2001,0,0,4,0,122580
MRSB,7/26/2001,0,0,5,0,122577
PESB,7/26/2001,0,0,10,10,125829
MRSB,7/28/2001,0,0,1,0,122584
PESB,7/28/2001,0,0,0,0,125823
MRSB,7/29/2001,0,0,0,0,122581
PESB,7/29/2001,0,0,5,5,125830
PESB,7/30/2001,0,0,2,2,125831
MRSB,7/31/2001,0,0,2,0,122585
PESB,7/31/2001,0,0,0,0,125824
MRSB,8/4/2001,0,0,10,0,122586
PESB,8/5/2001,0,0,4,4,125832
MRSB,8/7/2001,0,0,0,0,122590
PESB,8/7/2001,0,0,0,0,125840
MRSB,8/9/2001,0,0,0,0,122587
PESB,8/9/2001,0,0,0,0,125837
MRSB,8/11/2001,0,0,14,0,122594
PESB,8/12/2001,0,0,1,1,125838
PESB,8/15/2001,0,0,0,0,125833
MRSB,8/17/2001,0,0,11,0,122595
MRSB,8/18/2001,0,0,5,0,122588
PESB,8/18/2001,0,0,8,8,125841
MRSB,8/19/2001,0,0,3,0,122591
PESB,8/19/2001,0,0,2,2,125842
MRSB,8/23/2001,0,0,0,0,122589
PESB,8/23/2001,0,0,2,2,125843
MRSB,8/25/2001,0,0,4,0,122592
PESB,8/25/2001,0,0,3,3,125834
MRSB,8/26/2001,0,0,5,0,122596
PESB,8/26/2001,0,0,2,2,125835
MRSB,8/27/2001,0,0,0,0,122597
PESB,8/27/2001,0,0,0,0,125839
MRSB,8/28/2001,0,0,0,0,122593
PESB,8/28/2001,0,0,0,0,125836
PESB,9/4/2001,0,0,4,4,125852
MRSB,9/7/2001,0,0,0,0,122598
MRSB,9/8/2001,0,0,2,0,122606
PESB,9/8/2001,0,0,5,5,125848
MRSB,9/10/2001,0,0,3,0,122602
PESB,9/10/2001,0,0,0,0,125853
MRSB,9/14/2001,0,0,2,0,122599
PESB,9/14/2001,0,0,0,0,125849
MRSB,9/15/2001,0,0,8,0,122600
PESB,9/15/2001,0,0,2,2,125850
MRSB,9/16/2001,0,0,4,0,122607
PESB,9/16/2001,0,0,0,0,125844
MRSB,9/18/2001,0,0,5,0,122608
PESB,9/18/2001,0,0,0,0,125845
PESB,9/19/2001,0,0,0,0,125851
MRSB,9/22/2001,0,0,6,0,122603
PESB,9/22/2001,0,0,0,0,125854
MRSB,9/23/2001,0,0,0,0,122601
PESB,9/23/2001,0,0,0,0,125855
PESB,9/24/2001,0,0,2,2,125846
MRSB,9/27/2001,0,0,2,0,122609
MRSB,9/28/2001,0,0,7,0,122604
MRSB,9/29/2001,0,0,0,0,122605
PESB,9/29/2001,0,0,4,4,125847
PESB,10/1/2001,0,0,0,0,94342
PESB,10/2/2001,0,0,0,0,125860
PESB,10/6/2001,0,0,2,2,125856
MRSB,10/7/2001,0,0,0,0,122610
PESB,10/7/2001,0,0,5,5,125861
PESB,10/7/2001,0,0,4,4,125861
MRSB,10/9/2001,0,0,0,0,122614
MRSB,10/13/2001,0,0,0,0,122615
PESB,10/13/2001,0,0,3,3,125863
MRSB,10/14/2001,0,0,4,0,122618
MRSB,10/15/2001,0,0,0,0,122611
MRSB,10/16/2001,0,0,2,0,122619
MRSB,10/17/2001,0,0,0,0,122616
PESB,10/17/2001,0,0,0,0,125864
MRSB,10/21/2001,0,0,4,0,122617
PESB,10/21/2001,0,0,7,7,125857
PESB,10/22/2001,0,0,0,0,125858
MRSB,10/24/2001,0,0,0,0,122612
MRSB,10/27/2001,0,0,2,0,122613
PESB,10/27/2001,0,0,8,8,125862
MRSB,10/28/2001,0,0,6,0,122620
PESB,10/28/2001,0,0,2,2,125865
MRSB,10/30/2001,0,0,0,0,122621
PESB,10/30/2001,0,0,0,0,125859
HISB,3/2/2002,0,0,0,0,109973
HISB,3/3/2002,0,0,0,0,109969
HISB,3/4/2002,0,0,0,0,109974
HISB,3/6/2002,0,0,5,0,109977
HISB,3/9/2002,0,0,0,0,109978
HISB,3/16/2002,0,0,0,0,109975
HISB,3/18/2002,0,0,0,0,109976
HISB,3/20/2002,0,0,5,3,109979
HISB,3/24/2002,0,0,2,2,109980
HISB,3/25/2002,0,0,0,0,109970
HISB,3/28/2002,0,0,0,0,109971
HISB,3/30/2002,0,0,1,1,109972
HISB,4/1/2002,0,0,13,11,90992
HISB,4/2/2002,0,0,6,6,109987
HISB,4/5/2002,0,0,2,1,109981
HISB,4/6/2002,0,0,3,3,109993
HISB,4/7/2002,0,0,0,0,109994
HISB,4/11/2002,0,0,7,7,109995
HISB,4/12/2002,0,0,2,1,109988
HISB,4/13/2002,0,0,3,3,109989
HISB,4/14/2002,0,0,0,0,109982
HISB,4/16/2002,0,0,4,3,109996
HISB,4/19/2002,0,0,0,0,109983
HISB,4/20/2002,0,0,7,7,109990
HISB,4/21/2002,0,0,17,17,109991
HISB,4/22/2002,0,0,1,1,109992
HISB,4/24/2002,0,0,0,0,109984
HISB,4/27/2002,0,0,1,1,109985
HISB,4/28/2002,0,0,0,0,109986
HISB,5/3/2002,0,0,1,1,109997
HISB,5/4/2002,0,0,14,14,110008
HISB,5/5/2002,0,0,2,2,109998
HISB,5/6/2002,0,0,2,1,110003
HISB,5/11/2002,0,0,5,4,109999
HISB,5/12/2002,0,0,4,4,110000
HISB,5/14/2002,0,0,2,2,110004
HISB,5/16/2002,0,0,5,5,110009
HISB,5/18/2002,0,0,16,16,110005
HISB,5/19/2002,0,0,10,10,110010
HISB,5/21/2002,0,0,10,10,110011
HISB,5/24/2002,0,0,3,3,110001
HISB,5/25/2002,0,0,16,16,110012
HISB,5/26/2002,0,0,19,19,110006
HISB,5/28/2002,0,0,3,3,110002
HISB,5/29/2002,0,0,5,3,110007
HISB,5/31/2002,0,0,3,3,110013
HISB,6/1/2002,0,0,13,13,90997
HISB,6/2/2002,0,0,15,15,110014
HISB,6/3/2002,0,0,3,3,110020
HISB,6/4/2002,0,0,5,5,110015
HISB,6/7/2002,0,0,5,5,110021
HISB,6/8/2002,0,0,4,4,110016
HISB,6/9/2002,0,0,9,9,110025
HISB,6/10/2002,0,0,9,9,110017
HISB,6/12/2002,0,0,8,8,110026
HISB,6/15/2002,0,0,14,14,110027
HISB,6/16/2002,0,0,5,5,110018
HISB,6/17/2002,0,0,11,11,110019
HISB,6/18/2002,0,0,8,8,110028
HISB,6/21/2002,0,0,9,9,110029
HISB,6/22/2002,0,0,6,6,110022
HISB,6/24/2002,0,0,0,0,110023
HISB,6/29/2002,0,0,4,4,110024
HISB,6/30/2002,0,0,22,22,110030
HISB,7/2/2002,0,0,6,6,110035
HISB,7/6/2002,0,0,2,2,110031
HISB,7/7/2002,0,0,6,6,110039
HISB,7/11/2002,0,0,2,2,110032
HISB,7/13/2002,0,0,5,5,110036
HISB,7/15/2002,0,0,9,9,110040
HISB,7/16/2002,0,0,0,0,110037
HISB,7/18/2002,0,0,3,3,110033
HISB,7/21/2002,0,0,2,2,110038
HISB,7/24/2002,0,0,7,7,110041
HISB,7/27/2002,0,0,5,5,110034
HISB,7/28/2002,0,0,3,3,110042
HISB,8/4/2002,0,0,2,2,110043
HISB,8/7/2002,0,0,11,7,110047
HISB,8/8/2002,0,0,5,5,110044
HISB,8/10/2002,0,0,4,4,110051
HISB,8/11/2002,0,0,8,8,110045
HISB,8/14/2002,0,0,7,7,110052
HISB,8/16/2002,0,0,2,2,110046
HISB,8/18/2002,0,0,10,10,110048
HISB,8/19/2002,0,0,2,2,110053
HISB,8/21/2002,0,0,5,4,110049
HISB,8/25/2002,0,0,5,5,110050
HISB,8/31/2002,0,0,23,23,110054
HISB,9/1/2002,0,0,9,7,91007
HISB,9/6/2002,0,0,3,3,110055
HISB,9/8/2002,0,0,2,2,110056
HISB,9/11/2002,0,0,0,0,110059
HISB,9/14/2002,0,0,5,3,110063
HISB,9/15/2002,0,0,8,8,110060
HISB,9/18/2002,0,0,2,2,110057
HISB,9/20/2002,0,0,1,1,110064
HISB,9/25/2002,0,0,1,1,110065
HISB,9/28/2002,0,0,4,4,110058
HISB,9/29/2002,0,0,0,0,110061
HISB,9/30/2002,0,0,1,1,110062
HISB,10/6/2002,0,0,5,5,110066
HISB,10/11/2002,0,0,3,3,110070
HISB,10/12/2002,0,0,4,4,110071
HISB,10/13/2002,0,0,0,0,110074
HISB,10/16/2002,0,0,0,0,110067
HISB,10/19/2002,0,0,8,8,110072
HISB,10/20/2002,0,0,2,2,110075
HISB,10/21/2002,0,0,0,0,110076
HISB,10/22/2002,0,0,0,0,110073
HISB,10/24/2002,0,0,2,2,110068
HISB,10/26/2002,0,0,2,2,110069
HISB,10/29/2002,0,0,0,0,110077
CLSB,3/8/2003,0,0,0,0,100882
CLSB,3/9/2003,0,0,0,0,100883
CLSB,3/11/2003,0,0,0,0,100885
CLSB,3/12/2003,0,0,0,0,100889
CLSB,3/15/2003,0,0,27,0,100890
CLSB,3/16/2003,0,0,8,0,100891
CLSB,3/18/2003,0,0,0,0,100886
CLSB,3/22/2003,0,0,0,0,100887
CLSB,3/23/2003,0,0,7,0,100888
CLSB,3/30/2003,0,0,7,0,100892
CLSB,3/31/2003,0,0,4,0,100884
CLSB,4/1/2003,0,0,3,0,89054
CLSB,4/6/2003,0,0,2,0,100904
CLSB,4/6/2003,0,0,0,0,100893
CLSB,4/8/2003,0,0,0,0,100905
CLSB,4/10/2003,0,0,14,0,100900
CLSB,4/12/2003,0,0,7,0,100901
CLSB,4/13/2003,0,0,15,0,100902
CLSB,4/13/2003,0,0,12,0,100894
CLSB,4/15/2003,0,0,0,0,100895
CLSB,4/16/2003,0,0,0,0,100903
CLSB,4/17/2003,0,0,0,0,100896
CLSB,4/19/2003,0,0,1,0,100897
CLSB,4/21/2003,0,0,0,0,100898
CLSB,4/23/2003,0,0,2,0,100899
CLSB,4/24/2003,0,0,4,0,100906
CLSB,4/25/2003,0,0,8,0,100907
CLSB,4/27/2003,0,0,9,0,100908
CLSB,5/3/2003,0,0,5,5,100909
CLSB,5/4/2003,0,0,20,20,100921
CLSB,5/5/2003,0,0,4,4,100910
CLSB,5/10/2003,0,0,7,7,100914
CLSB,5/11/2003,0,0,2,2,100911
CLSB,5/12/2003,0,0,0,0,100915
CLSB,5/14/2003,0,0,6,6,100922
CLSB,5/16/2003,0,0,1,1,100912
CLSB,5/17/2003,0,0,20,20,100923
CLSB,5/18/2003,0,0,28,28,100916
CLSB,5/19/2003,0,0,6,6,100924
CLSB,5/20/2003,0,0,5,5,100913
CLSB,5/23/2003,0,0,6,6,100917
CLSB,5/24/2003,0,0,7,7,100925
CLSB,5/25/2003,0,0,7,7,100918
CLSB,5/28/2003,0,0,27,27,100926
CLSB,5/29/2003,0,0,10,10,100919
CLSB,5/31/2003,0,0,19,19,100920
CLSB,6/1/2003,0,0,15,15,89060
CLSB,6/3/2003,0,0,6,6,100927
CLSB,6/5/2003,0,0,7,7,100933
CLSB,6/7/2003,0,0,15,15,100928
CLSB,6/8/2003,0,0,51,51,100938
CLSB,6/9/2003,0,0,12,12,100934
CLSB,6/13/2003,0,0,10,10,100939
CLSB,6/14/2003,0,0,19,19,100929
CLSB,6/15/2003,0,0,9,9,100935
CLSB,6/17/2003,0,0,27,27,100940
CLSB,6/21/2003,0,0,33,33,100936
CLSB,6/22/2003,0,0,9,9,100941
CLSB,6/23/2003,0,0,10,10,100937
CLSB,6/24/2003,0,0,4,4,100930
CLSB,6/27/2003,0,0,2,2,100942
CLSB,6/28/2003,0,0,2,2,100931
CLSB,6/29/2003,0,0,15,15,100943
CLSB,6/30/2003,0,0,2,2,100932
CLSB,7/5/2003,0,0,5,5,100944
CLSB,7/6/2003,0,0,9,9,100952
CLSB,7/7/2003,0,0,3,3,100945
CLSB,7/11/2003,0,0,6,6,100949
CLSB,7/12/2003,0,0,5,5,100946
CLSB,7/13/2003,0,0,1,1,100947
CLSB,7/15/2003,0,0,5,5,100953
CLSB,7/18/2003,0,0,3,3,100950
CLSB,7/20/2003,0,0,11,11,100954
CLSB,7/25/2003,0,0,4,4,100955
CLSB,7/26/2003,0,0,6,6,100951
CLSB,7/31/2003,0,0,0,0,100948
CLSB,8/3/2003,0,0,6,6,100964
CLSB,8/4/2003,0,0,11,11,100965
CLSB,8/7/2003,0,0,3,3,100960
CLSB,8/9/2003,0,0,0,0,100961
CLSB,8/10/2003,0,0,6,6,100962
CLSB,8/11/2003,0,0,4,4,100956
CLSB,8/12/2003,0,0,16,16,100966
CLSB,8/16/2003,0,0,2,2,100957
CLSB,8/17/2003,0,0,6,6,100967
CLSB,8/20/2003,0,0,5,5,100958
CLSB,8/28/2003,0,0,2,2,100963
CLSB,8/30/2003,0,0,0,0,100959
CLSB,9/2/2003,0,0,5,0,100968
CLSB,9/7/2003,0,0,0,3,100972
CLSB,9/10/2003,0,0,3,0,100973
CLSB,9/14/2003,0,0,4,0,100969
CLSB,9/17/2003,0,0,10,0,100976
CLSB,9/18/2003,0,0,2,3,100977
CLSB,9/20/2003,0,0,16,13,100974
CLSB,9/21/2003,0,0,3,0,100978
CLSB,9/25/2003,0,0,1,0,100975
CLSB,9/27/2003,0,0,1,3,100979
CLSB,9/28/2003,0,0,0,2,100970
CLSB,9/30/2003,0,0,0,0,100971
CLSB,10/1/2003,0,0,5,0,89068
CLSB,10/2/2003,0,0,3,1,100980
CLSB,10/3/2003,0,0,7,0,100987
CLSB,10/4/2003,0,0,7,0,100988
CLSB,10/5/2003,0,0,8,7,100989
CLSB,10/6/2003,0,0,0,0,100981
CLSB,10/11/2003,0,0,0,0,100985
CLSB,10/18/2003,0,0,0,0,100982
CLSB,10/19/2003,0,0,2,0,100986
CLSB,10/20/2003,0,0,2,0,100983
CLSB,10/25/2003,0,0,0,0,100984
CLSB,10/27/2003,0,0,1,0,100990
PESB,3/2/2004,0,0,0,0,125873
PESB,3/6/2004,5,5,14,14,125874
PESB,3/7/2004,0,0,10,10,125866
PESB,3/9/2004,0,0,4,4,125869
PESB,3/10/2004,0,0,0,0,125875
PESB,3/14/2004,3,3,14,14,125876
PESB,3/18/2004,4,4,5,5,125870
PESB,3/19/2004,6,6,14,14,125867
PESB,3/20/2004,0,0,13,13,125868
PESB,3/21/2004,9,9,12,12,125871
HISB,3/27/2004,0,0,0,0,110078
PESB,3/27/2004,0,0,4,4,125872
HISB,4/3/2004,0,0,12,12,110084
PESB,4/3/2004,0,0,22,22,125883
PESB,4/4/2004,3,3,10,10,125884
HISB,4/4/2004,0,0,20,20,110085
HISB,4/4/2004,0,0,3,3,110079
HISB,4/5/2004,0,0,7,7,110086
HISB,4/6/2004,0,0,3,3,110081
PESB,4/7/2004,0,0,1,1,125877
PESB,4/8/2004,0,0,21,21,125889
HISB,4/10/2004,0,0,0,0,110087
PESB,4/10/2004,0,0,9,9,125878
HISB,4/12/2004,0,0,7,7,110088
PESB,4/12/2004,0,0,8,8,125885
PESB,4/15/2004,2,2,9,9,125886
HISB,4/15/2004,0,0,1,1,110089
PESB,4/16/2004,2,2,14,14,125890
PESB,4/17/2004,7,7,19,19,125887
PESB,4/17/2004,6,6,23,23,125891
PESB,4/18/2004,2,2,5,5,125879
PESB,4/24/2004,4,4,20,20,125892
PESB,4/24/2004,0,0,4,4,125880
PESB,4/26/2004,2,2,2,2,125881
HISB,4/26/2004,0,0,1,1,110090
PESB,4/27/2004,6,6,7,7,125888
HISB,4/27/2004,0,0,3,3,110082
HISB,4/27/2004,0,0,1,1,110080
PESB,4/28/2004,0,0,9,9,125893
HISB,4/29/2004,0,0,0,0,110083
PESB,4/29/2004,0,0,3,3,125882
HISB,5/2/2004,0,0,0,0,110095
HISB,5/5/2004,0,0,0,0,110101
PESB,5/6/2004,5,5,9,9,125901
HISB,5/6/2004,0,0,2,2,110096
PESB,5/7/2004,8,8,18,18,125906
PESB,5/8/2004,8,8,14,14,125902
HISB,5/8/2004,0,0,3,3,110091
PESB,5/9/2004,3,3,6,6,125903
PESB,5/9/2004,2,2,11,11,125894
PESB,5/11/2004,4,4,7,7,125895
HISB,5/11/2004,0,0,0,0,110097
HISB,5/13/2004,0,0,0,0,110102
PESB,5/13/2004,0,0,3,3,125907
PESB,5/13/2004,0,0,3,3,125904
HISB,5/15/2004,0,0,2,2,110103
PESB,5/16/2004,3,3,5,5,125896
HISB,5/16/2004,0,0,3,3,110098
PESB,5/17/2004,7,7,14,14,125908
HISB,5/17/2004,0,0,0,0,110099
PESB,5/20/2004,2,2,5,5,125905
HISB,5/20/2004,0,0,0,0,110104
HISB,5/20/2004,0,0,0,0,110092
PESB,5/22/2004,8,8,14,14,125897
PESB,5/22/2004,7,7,14,14,125909
PESB,5/23/2004,3,3,15,15,125910
HISB,5/23/2004,0,0,2,2,110093
PESB,5/24/2004,5,5,4,4,125898
HISB,5/24/2004,0,0,3,3,110105
PESB,5/28/2004,3,3,3,3,125899
HISB,5/28/2004,0,0,0,0,110106
PESB,5/29/2004,6,6,19,19,125900
HISB,5/29/2004,0,0,12,12,110100
HISB,5/30/2004,0,0,3,3,110094
PESB,6/2/2004,1,1,20,20,125924
HISB,6/3/2004,0,0,1,1,110112
PESB,6/5/2004,2,2,14,14,125925
HISB,6/5/2004,0,0,4,40,110107
PESB,6/5/2004,0,0,19,19,125918
HISB,6/6/2004,0,0,2,2,110113
HISB,6/7/2004,0,0,1,1,110108
HISB,6/9/2004,0,0,0,0,110114
PESB,6/11/2004,3,3,7,7,125911
PESB,6/11/2004,2,2,13,13,125919
HISB,6/11/2004,0,0,3,3,110119
PESB,6/12/2004,1,1,11,11,125926
HISB,6/12/2004,0,0,4,4,110115
HISB,6/13/2004,0,0,0,0,110120
PESB,6/13/2004,0,0,16,16,125920
PESB,6/17/2004,1,1,13,13,125927
PESB,6/18/2004,3,3,8,8,125928
PESB,6/18/2004,3,3,5,5,125912
HISB,6/18/2004,0,0,5,5,110121
PESB,6/18/2004,0,0,17,17,125921
PESB,6/19/2004,5,5,7,7,125913
PESB,6/19/2004,1,1,16,16,125922
HISB,6/19/2004,0,0,0,0,110122
PESB,6/20/2004,5,5,7,7,125914
HISB,6/20/2004,0,0,0,0,110116
HISB,6/22/2004,0,0,2,2,110109
PESB,6/22/2004,0,0,15,15,125923
PESB,6/24/2004,5,5,2,2,125915
HISB,6/24/2004,0,0,2,2,110123
HISB,6/26/2004,0,0,2,2,110110
PESB,6/26/2004,0,0,16,16,125929
HISB,6/27/2004,0,0,0,0,110124
HISB,6/27/2004,0,0,0,0,110117
PESB,6/27/2004,0,0,5,5,125916
HISB,6/28/2004,0,0,5,5,110118
PESB,6/29/2004,2,2,19,19,125917
HISB,6/30/2004,0,0,2,2,110111
HISB,7/6/2004,0,0,0,0,110126
HISB,7/8/2004,0,0,0,0,110130
HISB,7/10/2004,0,0,0,0,110127
HISB,7/11/2004,0,0,5,5,110131
HISB,7/13/2004,0,0,0,0,110125
HISB,7/15/2004,0,0,6,6,110132
PESB,7/17/2004,1,1,44,44,125930
PESB,7/17/2004,0,0,35,35,125934
HISB,7/18/2004,0,0,3,3,110128
HISB,7/22/2004,0,0,0,0,110129
PESB,7/24/2004,0,0,0,0,125931
PESB,7/25/2004,7,7,66,66,125938
HISB,7/25/2004,0,0,2,2,110133
PESB,7/27/2004,11,11,41,41,125932
HISB,7/27/2004,0,0,3,3,110134
PESB,7/28/2004,0,0,31,31,125939
PESB,7/29/2004,3,3,19,19,125940
PESB,7/29/2004,1,1,14,14,125935
PESB,7/29/2004,0,0,9,9,125933
PESB,7/30/2004,2,2,14,14,125936
PESB,7/31/2004,5,5,44,44,125941
PESB,7/31/2004,3,3,35,35,125937
HISB,8/6/2004,0,0,0,0,110135
HISB,8/12/2004,0,0,0,0,110138
PESB,8/12/2004,0,0,0,0,125942
HISB,8/14/2004,0,0,4,4,110142
PESB,8/15/2004,3,3,16,16,125943
PESB,8/15/2004,1,1,25,25,125945
HISB,8/15/2004,0,0,3,3,110136
HISB,8/18/2004,0,0,0,0,110137
PESB,8/19/2004,0,0,5,5,125949
PESB,8/19/2004,0,0,8,8,125946
HISB,8/20/2004,0,0,0,0,110143
PESB,8/20/2004,0,0,6,6,125944
HISB,8/21/2004,0,0,0,0,110139
HISB,8/22/2004,0,0,2,2,110144
HISB,8/24/2004,0,0,2,2,110145
PESB,8/26/2004,0,0,12,12,125947
PESB,8/28/2004,2,2,23,23,125948
PESB,8/29/2004,3,3,32,32,125950
HISB,8/29/2004,0,0,4,4,110140
HISB,8/31/2004,0,0,1,1,110141
HISB,9/3/2004,0,0,0,0,110147
HISB,9/4/2004,0,0,5,5,110146
PESB,9/13/2004,1,1,5,5,125951
PESB,9/15/2004,0,0,3,3,125952
PESB,9/22/2004,4,4,3,3,125955
PESB,9/25/2004,5,5,6,6,125953
PESB,9/25/2004,1,1,5,5,125956
PESB,9/26/2004,2,2,2,2,125954
PESB,9/26/2004,0,0,4,4,125957
PESB,9/29/2004,0,0,5,5,125958
PESB,10/3/2004,0,0,6,6,125959
PESB,10/5/2004,0,0,5,5,125960
PESB,10/6/2004,0,0,0,0,125963
PESB,10/9/2004,2,2,7,7,125964
PESB,10/15/2004,4,4,7,7,125967
PESB,10/15/2004,0,0,1,1,125961
PESB,10/16/2004,0,0,7,7,125965
PESB,10/17/2004,1,1,3,3,125968
PESB,10/17/2004,0,0,3,3,125962
PESB,10/21/2004,0,0,0,0,125966
PESB,10/22/2004,0,0,2,2,125969
PESB,10/31/2004,0,0,0,0,125970
RFFA,3/1/2005,0,0,5,5,94717
RFFA,3/3/2005,0,0,1,5,127557
RFFA,3/4/2005,0,0,6,0,127554
RFFA,3/5/2005,0,0,3,0,127558
RFFA,3/6/2005,0,0,10,15,127559
RFFA,3/12/2005,0,0,0,2,127549
RFFA,3/13/2005,0,0,0,0,127550
RFFA,3/19/2005,0,0,5,0,127551
RFFA,3/22/2005,0,0,0,1,127552
RFFA,3/23/2005,0,0,0,2,127553
RFFA,3/27/2005,0,0,5,5,127555
RFFA,3/29/2005,0,0,2,3,127556
RFFA,4/1/2005,0,0,2,0,94720
RFFA,4/2/2005,0,0,0,2,127560
RFFA,4/3/2005,0,0,2,2,127568
RFFA,4/4/2005,0,0,0,0,127561
RFFA,4/9/2005,0,0,3,0,127562
RFFA,4/10/2005,0,0,0,0,127563
RFFA,4/14/2005,0,0,5,4,127564
RFFA,4/15/2005,0,0,2,5,127569
RFFA,4/16/2005,0,0,7,5,127570
RFFA,4/17/2005,0,0,0,0,127573
RFFA,4/19/2005,0,0,11,17,127574
RFFA,4/20/2005,0,0,3,0,127565
RFFA,4/23/2005,0,0,5,5,127575
RFFA,4/24/2005,0,0,0,0,127571
RFFA,4/25/2005,0,0,3,0,127566
RFFA,4/27/2005,0,0,6,6,127567
RFFA,4/28/2005,0,0,0,0,127576
RFFA,4/30/2005,0,0,0,3,127572
RFFA,5/1/2005,0,0,4,4,94722
RFFA,5/4/2005,0,0,7,19,127588
RFFA,5/6/2005,0,0,3,3,127577
RFFA,5/7/2005,0,0,2,5,127578
RFFA,5/8/2005,0,0,5,5,127589
RFFA,5/9/2005,0,0,0,2,127579
RFFA,5/12/2005,0,0,3,4,127583
RFFA,5/14/2005,0,0,0,0,127580
RFFA,5/15/2005,0,0,3,3,127581
RFFA,5/16/2005,0,0,3,1,127584
RFFA,5/20/2005,0,0,6,15,127590
RFFA,5/21/2005,0,0,21,14,127591
RFFA,5/22/2005,0,0,5,5,127585
RFFA,5/24/2005,0,0,4,7,127592
RFFA,5/27/2005,0,0,14,22,127593
RFFA,5/28/2005,0,0,5,5,127586
RFFA,5/29/2005,0,0,14,19,127587
RFFA,5/31/2005,0,0,2,1,127582
RFFA,6/2/2005,0,0,6,6,127604
RFFA,6/4/2005,0,0,0,0,127605
RFFA,6/4/2005,0,0,5,3,127599
RFFA,6/5/2005,0,0,28,27,127606
RFFA,6/6/2005,0,0,3,3,127600
RFFA,6/8/2005,0,0,2,0,127594
RFFA,6/9/2005,0,0,5,0,127607
RFFA,6/11/2005,0,0,2,0,127601
RFFA,6/11/2005,0,0,0,0,127595
RFFA,6/12/2005,0,0,0,0,127596
RFFA,6/15/2005,0,0,4,9,127597
RFFA,6/18/2005,0,0,5,3,127608
RFFA,6/19/2005,0,0,3,3,127609
RFFA,6/19/2005,0,0,0,0,127598
RFFA,6/20/2005,0,0,4,6,127602
RFFA,6/27/2005,0,0,1,0,127610
RFFA,6/29/2005,0,0,1,1,127603
RFFA,7/9/2005,0,0,4,5,127616
RFFA,7/11/2005,0,0,1,1,127611
RFFA,7/12/2005,0,0,4,3,127617
RFFA,7/15/2005,0,0,4,4,127620
RFFA,7/16/2005,0,0,2,1,127612
RFFA,7/20/2005,0,0,2,2,127621
RFFA,7/20/2005,0,0,4,4,127613
RFFA,7/22/2005,0,0,0,1,127614
RFFA,7/23/2005,0,0,2,4,127622
RFFA,7/28/2005,0,0,3,5,127618
RFFA,7/30/2005,0,0,2,2,127619
RFFA,7/30/2005,0,0,4,3,127615
RFFA,8/5/2005,0,0,12,8,127627
RFFA,8/6/2005,0,0,4,3,127631
RFFA,8/7/2005,0,0,4,5,127632
RFFA,8/8/2005,0,0,2,8,127633
RFFA,8/13/2005,0,0,1,1,127628
RFFA,8/14/2005,0,0,0,0,127623
RFFA,8/15/2005,0,0,5,8,127634
RFFA,8/18/2005,0,0,0,0,127624
RFFA,8/21/2005,0,0,2,2,127625
RFFA,8/28/2005,0,0,5,3,127629
RFFA,8/29/2005,0,0,2,2,127626
RFFA,8/30/2005,0,0,2,0,127630
RFFA,9/4/2005,0,0,4,0,127635
RFFA,9/8/2005,0,0,2,0,127636
RFFA,9/9/2005,0,0,3,0,127643
RFFA,9/10/2005,0,0,3,12,127639
RFFA,9/11/2005,0,0,16,7,127644
RFFA,9/13/2005,0,0,6,6,127645
RFFA,9/15/2005,0,0,6,0,127640
RFFA,9/17/2005,0,0,6,6,127637
RFFA,9/20/2005,0,0,1,0,127641
RFFA,9/24/2005,0,0,16,7,127646
RFFA,9/25/2005,0,0,4,3,127642
RFFA,9/29/2005,0,0,2,0,127638
RFFA,10/1/2005,0,0,5,3,94736
RFFA,10/2/2005,0,0,5,3,127653
RFFA,10/15/2005,0,0,8,9,127649
RFFA,10/16/2005,0,0,4,2,127654
RFFA,10/17/2005,0,0,3,5,127650
RFFA,10/18/2005,0,0,4,3,127655
RFFA,10/19/2005,0,0,1,1,127656
RFFA,10/23/2005,0,0,2,0,127651
RFFA,10/24/2005,0,0,6,7,127652
RFFA,10/26/2005,0,0,2,0,127657
RFFA,10/27/2005,0,0,2,2,127647
RFFA,10/29/2005,0,0,4,2,127648
CLSB,3/3/2006,0,0,1,0,100993
CLSB,3/7/2006,0,0,1,1,100994
CLSB,3/9/2006,0,0,0,0,100999
CLSB,3/11/2006,0,0,2,2,100995
CLSB,3/12/2006,0,0,0,0,100996
CLSB,3/15/2006,0,0,0,0,100991
CLSB,3/19/2006,0,0,1,1,100997
CLSB,3/25/2006,0,0,1,0,100992
CLSB,3/26/2006,0,0,0,0,101000
CLSB,3/31/2006,0,0,0,0,100998
CLSB,4/2/2006,0,0,0,5,101001
CLSB,4/3/2006,0,0,1,0,101006
CLSB,4/7/2006,0,0,0,3,101002
CLSB,4/8/2006,0,0,1,0,101007
CLSB,4/11/2006,0,0,6,2,101013
CLSB,4/13/2006,0,0,0,0,101008
CLSB,4/15/2006,0,0,3,1,101009
CLSB,4/17/2006,0,0,2,0,101003
CLSB,4/21/2006,0,0,3,3,101014
CLSB,4/22/2006,0,0,5,1,101004
CLSB,4/23/2006,0,0,11,3,101015
CLSB,4/26/2006,0,0,0,0,101010
CLSB,4/28/2006,0,0,0,0,101016
CLSB,4/29/2006,0,0,0,3,101011
CLSB,4/30/2006,0,0,7,7,101012
CLSB,4/30/2006,0,0,3,1,101005
CLSB,5/5/2006,0,0,0,6,101028
CLSB,5/6/2006,0,0,11,11,101023
CLSB,5/6/2006,0,0,3,3,101017
CLSB,5/7/2006,0,0,3,3,101018
CLSB,5/8/2006,0,0,5,5,101029
CLSB,5/12/2006,0,0,0,4,101019
CLSB,5/13/2006,0,0,2,4,101024
CLSB,5/14/2006,0,0,0,3,101020
CLSB,5/15/2006,0,0,0,0,101021
CLSB,5/17/2006,0,0,2,2,101030
CLSB,5/19/2006,0,0,2,4,101025
CLSB,5/20/2006,0,0,4,0,101031
CLSB,5/21/2006,0,0,2,3,101026
CLSB,5/22/2006,0,0,2,0,101032
CLSB,5/23/2006,0,0,2,0,101033
CLSB,5/25/2006,0,0,0,0,101027
CLSB,5/28/2006,0,0,0,1,101022
CLSB,6/1/2006,0,0,0,0,89081
CLSB,6/2/2006,0,0,0,4,101034
CLSB,6/3/2006,0,0,3,5,101039
CLSB,6/4/2006,0,0,8,11,101045
CLSB,6/9/2006,0,0,1,1,101040
CLSB,6/10/2006,0,0,0,0,101035
CLSB,6/11/2006,0,0,5,5,101036
CLSB,6/12/2006,0,0,0,0,101037
CLSB,6/14/2006,0,0,4,7,101041
CLSB,6/17/2006,0,0,0,8,101038
CLSB,6/18/2006,0,0,6,8,101046
CLSB,6/19/2006,0,0,6,0,101047
CLSB,6/24/2006,0,0,4,5,101042
CLSB,6/25/2006,0,0,3,4,101043
CLSB,6/26/2006,0,0,2,0,101048
CLSB,6/27/2006,0,0,7,0,101044
CLSB,6/29/2006,0,0,2,4,101049
CLSB,7/1/2006,0,0,0,3,89087
CLSB,7/2/2006,0,0,7,0,101058
CLSB,7/8/2006,0,0,9,9,101050
CLSB,7/10/2006,0,0,3,3,101051
CLSB,7/14/2006,0,0,2,0,101052
CLSB,7/15/2006,0,0,0,0,101053
CLSB,7/19/2006,0,0,0,0,101054
CLSB,7/22/2006,0,0,3,4,101059
CLSB,7/27/2006,0,0,2,2,101055
CLSB,7/28/2006,0,0,0,0,101056
CLSB,7/29/2006,0,0,3,3,101057
CLSB,8/2/2006,0,0,0,0,101062
CLSB,8/7/2006,0,0,0,0,101063
CLSB,8/8/2006,0,0,1,1,101064
CLSB,8/11/2006,0,0,0,0,101065
CLSB,8/12/2006,0,0,2,2,101060
CLSB,8/13/2006,0,0,2,2,101068
CLSB,8/19/2006,0,0,2,0,101069
CLSB,8/20/2006,0,0,2,2,101061
CLSB,8/22/2006,0,0,0,0,101066
CLSB,8/25/2006,0,0,0,0,101067
CLSB,8/27/2006,0,0,2,2,101070
CLSB,9/3/2006,0,0,0,0,101073
CLSB,9/8/2006,0,0,0,0,101074
CLSB,9/9/2006,0,0,0,0,101071
CLSB,9/10/2006,0,0,5,0,101075
CLSB,9/11/2006,0,0,0,0,101076
CLSB,9/12/2006,0,0,1,0,101077
CLSB,9/14/2006,0,0,0,0,101078
CLSB,9/17/2006,0,0,4,4,101079
CLSB,9/20/2006,0,0,0,0,101080
CLSB,9/24/2006,0,0,0,0,101081
CLSB,9/30/2006,0,0,2,0,101072
CLSB,10/1/2006,0,0,0,0,89094
CLSB,10/2/2006,0,0,0,0,101082
CLSB,10/5/2006,0,0,0,0,101088
CLSB,10/8/2006,0,0,0,0,101085
CLSB,10/15/2006,0,0,2,2,101083
CLSB,10/19/2006,0,0,0,0,101089
CLSB,10/21/2006,0,0,0,0,101090
CLSB,10/25/2006,0,0,0,0,101084
CLSB,10/28/2006,0,0,0,0,101086
CLSB,10/29/2006,0,0,2,2,101091
CLSB,10/30/2006,0,0,0,0,101087
HISB,3/3/2007,0,0,0,0,110155
HISB,3/6/2007,0,0,3,3,110156
HISB,3/7/2007,0,0,1,1,110151
HISB,3/11/2007,0,0,2,0,110157
HISB,3/18/2007,0,0,2,0,110148
HISB,3/22/2007,0,0,3,3,110152
HISB,3/23/2007,0,0,0,0,110153
HISB,3/24/2007,0,0,3,3,110149
HISB,3/25/2007,0,0,2,2,110150
HISB,3/31/2007,0,0,5,3,110154
HISB,4/1/2007,0,0,2,0,91030
HISB,4/3/2007,0,0,1,1,110158
HISB,4/4/2007,0,0,1,0,110159
HISB,4/9/2007,0,0,0,0,110160
HISB,4/14/2007,0,0,0,0,110162
HISB,4/18/2007,0,0,0,0,110165
HISB,4/19/2007,0,0,2,2,110163
HISB,4/21/2007,0,0,4,4,110166
HISB,4/22/2007,0,0,0,0,110161
HISB,4/23/2007,0,0,34,40,110167
HISB,4/28/2007,0,0,4,4,110164
HISB,5/1/2007,0,0,5,0,91033
HISB,5/6/2007,0,0,0,0,110168
HISB,5/7/2007,0,0,4,1,110172
HISB,5/7/2007,0,0,2,2,110169
HISB,5/8/2007,0,0,0,0,110180
HISB,5/12/2007,0,0,0,0,110170
HISB,5/13/2007,0,0,0,0,110173
HISB,5/14/2007,0,0,2,2,110171
HISB,5/17/2007,0,0,7,3,110174
HISB,5/19/2007,0,0,8,8,110175
HISB,5/20/2007,0,0,0,0,110176
HISB,5/21/2007,0,0,3,0,110181
HISB,5/22/2007,0,0,3,2,110177
HISB,5/25/2007,0,0,0,2,110178
HISB,5/26/2007,0,0,6,3,110179
HISB,6/1/2007,0,0,0,0,91036
HISB,6/1/2007,0,0,1,1,91034
HISB,6/2/2007,0,0,0,0,110191
HISB,6/3/2007,0,0,2,0,110192
HISB,6/4/2007,0,0,3,0,110193
HISB,6/7/2007,0,0,5,5,110194
HISB,6/9/2007,0,0,0,0,110188
HISB,6/10/2007,0,0,5,5,110182
HISB,6/11/2007,0,0,2,2,110183
HISB,6/13/2007,0,0,0,1,110184
HISB,6/15/2007,0,0,5,0,110195
HISB,6/16/2007,0,0,0,0,110189
HISB,6/17/2007,0,0,6,6,110185
HISB,6/18/2007,0,0,0,0,110196
HISB,6/19/2007,0,0,7,0,110190
HISB,6/23/2007,0,0,0,0,110186
HISB,6/24/2007,0,0,0,0,110187
HISB,6/25/2007,0,0,0,0,110197
HISB,7/1/2007,0,0,0,0,91039
HISB,7/8/2007,0,0,11,11,110198
HISB,7/10/2007,0,0,0,0,110203
HISB,7/14/2007,0,0,4,4,110199
HISB,7/16/2007,0,0,5,0,110206
HISB,7/20/2007,0,0,2,22,110200
HISB,7/22/2007,0,0,0,0,110204
HISB,7/25/2007,0,0,9,6,110201
HISB,7/27/2007,0,0,0,0,110202
HISB,7/29/2007,0,0,0,0,110205
HISB,8/2/2007,0,0,0,0,110209
HISB,8/4/2007,0,0,0,0,110214
HISB,8/6/2007,0,0,0,0,110207
HISB,8/7/2007,0,0,0,0,110215
HISB,8/11/2007,0,0,0,0,110210
HISB,8/14/2007,0,0,0,0,110216
HISB,8/19/2007,0,0,1,3,110208
HISB,8/22/2007,0,0,0,0,110211
HISB,8/25/2007,0,0,15,15,110212
HISB,8/27/2007,0,0,2,2,110213
HISB,9/2/2007,0,0,0,0,110226
HISB,9/5/2007,0,0,0,0,110227
HISB,9/7/2007,0,0,0,0,110222
HISB,9/7/2007,0,0,0,0,110222
HISB,9/8/2007,0,0,0,0,110223
HISB,9/9/2007,0,0,5,5,110224
HISB,9/10/2007,0,0,0,0,110228
HISB,9/12/2007,0,0,0,0,110217
HISB,9/13/2007,0,0,0,0,110229
HISB,9/14/2007,0,0,0,0,110218
HISB,9/16/2007,0,0,0,0,110219
HISB,9/20/2007,0,0,0,0,110225
HISB,9/25/2007,0,0,2,20,110220
HISB,9/27/2007,0,0,5,5,110221
HISB,9/30/2007,0,0,0,0,110230
HISB,10/2/2007,0,0,0,0,110231
HISB,10/5/2007,0,0,0,0,110240
HISB,10/6/2007,0,0,0,0,110232
HISB,10/7/2007,0,0,0,0,110236
HISB,10/12/2007,0,0,0,0,110241
HISB,10/14/2007,0,0,0,0,110242
HISB,10/14/2007,0,0,3,12,110233
HISB,10/17/2007,0,0,0,0,110237
HISB,10/27/2007,0,0,0,0,110238
HISB,10/29/2007,0,0,0,0,110239
HISB,10/30/2007,0,0,8,4,110234
HISB,10/31/2007,0,0,0,0,110235
MRSB,3/1/2008,0,0,8,8,93634
MRSB,3/16/2008,0,0,7,7,122624
MRSB,3/17/2008,0,0,2,2,122625
MRSB,3/21/2008,0,0,7,8,122622
MRSB,3/22/2008,0,0,2,2,122626
MRSB,3/24/2008,0,0,4,6,122627
MRSB,3/25/2008,0,0,2,2,122628
MRSB,3/29/2008,2,2,5,5,122623
MRSB,3/30/2008,0,0,7,7,122629
MRSB,4/2/2008,0,0,3,3,122642
MRSB,4/4/2008,0,0,5,5,122635
MRSB,4/5/2008,0,0,2,1,122636
MRSB,4/6/2008,0,0,4,4,122637
MRSB,4/7/2008,0,0,0,0,122630
MRSB,4/11/2008,0,0,0,0,122631
MRSB,4/12/2008,0,0,6,13,122643
MRSB,4/13/2008,0,0,8,5,122644
MRSB,4/13/2008,0,0,4,13,122632
MRSB,4/16/2008,0,0,5,5,122638
MRSB,4/18/2008,0,0,6,3,122639
MRSB,4/19/2008,0,0,7,5,122645
MRSB,4/20/2008,0,0,7,2,122640
MRSB,4/22/2008,0,0,1,1,122633
MRSB,4/24/2008,0,0,4,21,122646
MRSB,4/26/2008,0,0,16,29,122641
MRSB,4/27/2008,0,0,7,15,122634
MRSB,4/30/2008,0,0,18,19,122647
MRSB,5/3/2008,0,0,21,15,122657
MRSB,5/4/2008,0,0,15,15,122648
MRSB,5/5/2008,0,0,20,7,122653
MRSB,5/9/2008,0,0,5,6,122649
MRSB,5/10/2008,0,0,8,14,122650
MRSB,5/11/2008,0,0,4,5,122651
MRSB,5/12/2008,0,0,8,12,122654
MRSB,5/14/2008,0,0,7,6,122655
MRSB,5/16/2008,0,0,5,5,122652
MRSB,5/19/2008,0,0,6,5,122656
MRSB,5/23/2008,0,0,13,15,122658
MRSB,5/24/2008,0,0,15,17,122659
MRSB,6/1/2008,0,0,12,9,93645
MRSB,6/3/2008,0,0,8,6,122662
MRSB,6/4/2008,0,0,9,14,122663
MRSB,6/15/2008,0,0,3,3,122664
MRSB,6/16/2008,0,0,0,1,122660
MRSB,6/17/2008,0,0,3,4,122661
MRSB,8/2/2008,0,0,3,2,122669
MRSB,8/3/2008,0,0,1,3,122672
MRSB,8/5/2008,0,0,0,1,122670
MRSB,8/8/2008,0,0,3,3,122671
MRSB,8/9/2008,0,5,5,5,122665
MRSB,8/16/2008,0,0,11,8,122666
MRSB,8/21/2008,0,0,2,3,122667
MRSB,8/24/2008,0,0,7,4,122673
MRSB,8/25/2008,0,0,5,5,122668
MRSB,8/26/2008,0,0,5,5,122674
MRSB,8/27/2008,0,0,0,2,122675
MRSB,8/31/2008,0,0,6,15,122676
MRSB,9/6/2008,0,0,2,2,122677
MRSB,9/7/2008,0,0,0,12,122681
MRSB,9/9/2008,0,0,1,0,122685
MRSB,9/10/2008,0,0,0,0,122678
MRSB,9/14/2008,0,0,11,11,122686
MRSB,9/19/2008,0,0,6,6,122682
MRSB,9/20/2008,0,0,11,10,122687
MRSB,9/21/2008,0,0,2,1,122683
MRSB,9/22/2008,0,0,0,0,122679
MRSB,9/23/2008,0,0,2,0,122684
MRSB,9/26/2008,0,0,2,0,122688
MRSB,9/27/2008,0,0,7,4,122680
MRSB,10/6/2008,0,0,2,4,122693
MRSB,10/7/2008,0,0,0,0,122697
MRSB,10/9/2008,0,0,3,3,122698
MRSB,10/11/2008,0,0,3,3,122689
MRSB,10/12/2008,0,0,5,4,122699
MRSB,10/13/2008,0,0,0,0,122690
MRSB,10/18/2008,0,0,8,3,122694
MRSB,10/19/2008,0,0,4,8,122695
MRSB,10/21/2008,0,0,1,0,122696
MRSB,10/25/2008,0,0,0,0,122691
MRSB,10/26/2008,0,0,1,0,122700
MRSB,10/30/2008,0,0,0,0,122692
PESB,3/1/2011,0,0,3,1,94367
PESB,3/3/2011,0,0,3,0,125978
PESB,3/5/2011,0,0,8,0,125979
PESB,3/10/2011,0,0,6,1,125980
PESB,3/12/2011,0,0,16,1,125981
PESB,3/12/2011,0,0,2,16,125975
PESB,3/19/2011,0,0,4,0,125976
PESB,3/20/2011,0,0,0,6,125971
PESB,3/22/2011,0,0,1,2,125977
PESB,3/22/2011,0,0,0,1,125972
PESB,3/24/2011,0,0,0,4,125973
PESB,3/27/2011,0,0,0,0,125974
PESB,4/1/2011,0,0,6,6,94369
PESB,4/2/2011,0,0,49,49,125987
PESB,4/3/2011,0,0,24,24,125993
PESB,4/3/2011,0,0,5,5,125982
PESB,4/4/2011,0,0,1,1,125988
PESB,4/9/2011,0,0,20,20,125994
PESB,4/14/2011,0,0,5,5,125983
PESB,4/15/2011,0,0,0,0,125984
PESB,4/16/2011,0,0,0,0,125985
PESB,4/17/2011,0,0,10,10,125989
PESB,4/21/2011,0,0,1,1,125995
PESB,4/22/2011,0,0,3,3,125996
PESB,4/23/2011,0,0,11,11,125997
PESB,4/24/2011,0,0,2,2,125990
PESB,4/25/2011,0,0,2,2,125991
PESB,4/26/2011,0,0,2,2,125998
PESB,4/29/2011,0,0,5,5,125992
PESB,4/30/2011,0,0,7,7,125986
PESB,5/1/2011,0,0,3,3,94372
PESB,5/2/2011,0,0,0,0,125999
PESB,5/5/2011,0,0,1,1,126004
PESB,5/7/2011,0,0,3,3,126000
PESB,5/11/2011,0,0,5,5,126005
PESB,5/13/2011,0,0,0,0,126001
PESB,5/14/2011,0,0,12,12,126010
PESB,5/15/2011,0,0,11,11,126006
PESB,5/15/2011,0,0,2,2,126002
PESB,5/18/2011,0,0,0,0,126003
PESB,5/19/2011,0,0,2,2,126011
PESB,5/22/2011,0,0,13,13,126007
PESB,5/26/2011,0,0,2,2,126012
PESB,5/27/2011,0,0,11,11,126008
PESB,5/28/2011,0,0,27,27,126013
PESB,5/29/2011,0,0,33,33,126014
PESB,5/29/2011,0,0,32,32,126009
PESB,5/31/2011,0,0,5,5,126015
PESB,6/2/2011,0,0,9,9,126022
PESB,6/4/2011,0,0,26,26,126028
PESB,6/4/2011,0,0,12,12,126023
PESB,6/5/2011,0,0,4,4,126016
PESB,6/7/2011,0,0,3,3,126017
PESB,6/9/2011,0,0,16,16,126018
PESB,6/12/2011,0,0,9,9,126019
PESB,6/16/2011,0,0,14,14,126020
PESB,6/18/2011,0,0,62,62,126029
PESB,6/19/2011,0,0,27,27,126024
PESB,6/20/2011,0,0,6,6,126025
PESB,6/22/2011,0,0,21,21,126030
PESB,6/23/2011,0,0,16,16,126031
PESB,6/25/2011,0,0,32,32,126032
PESB,6/26/2011,0,0,15,15,126026
PESB,6/26/2011,0,0,22,22,126021
PESB,6/28/2011,0,0,6,6,126033
PESB,6/30/2011,0,0,5,5,126027
PESB,7/1/2011,0,0,0,0,94379
PESB,7/2/2011,0,0,13,13,126038
PESB,7/3/2011,0,0,8,8,126034
PESB,7/11/2011,0,0,1,1,126041
PESB,7/19/2011,0,0,5,5,126039
PESB,7/20/2011,0,0,2,2,126042
PESB,7/24/2011,0,0,21,21,126043
PESB,7/27/2011,0,0,7,7,126035
PESB,7/28/2011,0,0,2,2,126036
PESB,7/30/2011,0,0,15,15,126044
PESB,7/31/2011,0,0,4,4,126040
PESB,7/31/2011,0,0,5,5,126037
PESB,8/1/2011,0,0,0,0,94381
PESB,8/7/2011,0,0,8,8,126048
PESB,8/9/2011,0,0,0,0,126049
PESB,8/12/2011,0,0,4,4,126052
PESB,8/13/2011,0,0,13,13,126053
PESB,8/14/2011,0,0,13,13,126045
PESB,8/15/2011,0,0,1,1,126046
PESB,8/22/2011,0,0,6,6,126054
PESB,8/27/2011,0,0,4,4,126050
PESB,8/28/2011,0,0,10,10,126055
PESB,8/28/2011,0,0,3,3,126047
PESB,8/30/2011,0,0,6,6,126051
PESB,9/2/2011,0,0,4,4,126060
PESB,9/3/2011,0,0,13,13,126061
PESB,9/8/2011,0,0,1,1,126056
PESB,9/10/2011,0,0,19,19,126064
PESB,9/11/2011,0,0,21,21,126057
PESB,9/14/2011,0,0,3,3,126065
PESB,9/17/2011,0,0,8,8,126062
PESB,9/18/2011,0,0,4,4,126058
PESB,9/20/2011,0,0,9,9,126066
PESB,9/24/2011,0,0,18,18,126067
PESB,9/26/2011,0,0,10,10,126063
PESB,9/29/2011,0,0,0,0,126059
PESB,10/2/2011,0,0,9,9,126068
PESB,10/4/2011,0,0,5,5,126072
PESB,10/8/2011,0,0,10,10,126076
PESB,10/10/2011,0,0,2,2,126077
PESB,10/12/2011,0,0,1,1,126073
PESB,10/15/2011,0,0,4,4,126069
PESB,10/16/2011,0,0,3,3,126074
PESB,10/18/2011,0,0,0,0,126078
PESB,10/28/2011,0,0,0,0,126070
PESB,10/29/2011,0,0,4,4,126075
PESB,10/30/2011,0,0,3,3,126079
PESB,10/31/2011,0,0,1,1,126071
CLSB,3/3/2012,0,0,5,5,101100
CLSB,3/6/2012,0,0,1,1,101092
CLSB,3/9/2012,0,0,3,3,101096
CLSB,3/10/2012,0,0,0,0,101093
CLSB,3/11/2012,0,0,0,0,101101
CLSB,3/14/2012,0,0,5,5,101102
CLSB,3/17/2012,0,0,7,7,101094
CLSB,3/19/2012,0,0,1,1,101103
CLSB,3/24/2012,0,0,5,5,101097
CLSB,3/25/2012,0,0,3,3,101098
CLSB,3/28/2012,0,0,3,3,101099
CLSB,3/30/2012,0,0,3,3,101095
CLSB,4/1/2012,0,0,0,0,89099
CLSB,4/3/2012,0,0,2,2,101114
CLSB,4/4/2012,0,0,1,1,101104
CLSB,4/11/2012,0,0,0,0,101108
CLSB,4/13/2012,0,0,4,4,101115
CLSB,4/14/2012,0,0,15,15,101109
CLSB,4/15/2012,0,0,4,4,101116
CLSB,4/15/2012,0,0,1,1,101105
CLSB,4/19/2012,0,0,2,2,101117
CLSB,4/20/2012,0,0,0,0,101110
CLSB,4/21/2012,0,0,6,6,101118
CLSB,4/21/2012,0,0,0,0,101106
CLSB,4/22/2012,0,0,5,5,101111
CLSB,4/25/2012,0,0,1,1,101112
CLSB,4/27/2012,0,0,0,0,101107
CLSB,4/28/2012,0,0,1,1,101119
CLSB,4/29/2012,0,0,0,0,101113
CLSB,5/5/2012,0,0,3,3,101133
CLSB,5/5/2012,0,0,0,0,101120
CLSB,5/6/2012,0,0,4,4,101121
CLSB,5/9/2012,0,0,3,3,101122
CLSB,5/10/2012,0,0,0,0,101134
CLSB,5/12/2012,0,0,2,2,101126
CLSB,5/15/2012,0,0,0,0,101127
CLSB,5/18/2012,0,0,0,0,101128
CLSB,5/19/2012,0,0,5,5,101129
CLSB,5/20/2012,0,0,4,4,101130
CLSB,5/21/2012,0,0,4,4,101131
CLSB,5/23/2012,0,0,6,6,101135
CLSB,5/27/2012,0,0,4,4,101136
CLSB,5/27/2012,0,0,5,5,101132
CLSB,5/27/2012,0,0,2,2,101123
CLSB,5/29/2012,0,0,0,0,101137
CLSB,5/29/2012,0,0,0,0,101124
CLSB,5/31/2012,0,0,0,0,101125
CLSB,6/2/2012,0,0,8,8,101138
CLSB,6/3/2012,0,0,0,0,101145
CLSB,6/7/2012,0,0,2,2,101146
CLSB,6/9/2012,0,0,1,1,101150
CLSB,6/9/2012,0,0,1,1,101147
CLSB,6/9/2012,0,0,1,1,101139
CLSB,6/10/2012,0,0,4,4,101140
CLSB,6/12/2012,0,0,2,2,101141
CLSB,6/14/2012,0,0,6,6,101151
CLSB,6/16/2012,0,0,1,1,101152
CLSB,6/17/2012,0,0,4,4,101148
CLSB,6/20/2012,0,0,0,0,101142
CLSB,6/21/2012,0,0,1,1,101149
CLSB,6/22/2012,0,0,4,4,101153
CLSB,6/24/2012,0,0,2,2,101143
CLSB,6/25/2012,0,0,0,0,101154
CLSB,6/28/2012,0,0,0,0,101144
CLSB,6/30/2012,0,0,1,1,101155
CLSB,7/6/2012,0,0,2,2,101163
CLSB,7/8/2012,0,0,10,10,101164
CLSB,7/10/2012,0,0,2,2,101160
CLSB,7/14/2012,0,0,0,0,101161
CLSB,7/16/2012,0,0,3,3,101165
CLSB,7/17/2012,0,0,0,0,101156
CLSB,7/21/2012,0,0,0,0,101157
CLSB,7/22/2012,0,0,0,0,101162
CLSB,7/25/2012,0,0,3,3,101158
CLSB,7/28/2012,0,0,2,2,101166
CLSB,7/29/2012,0,0,2,2,101159
CLSB,8/4/2012,0,0,0,0,101175
CLSB,8/7/2012,0,0,0,0,101167
CLSB,8/10/2012,0,0,4,4,101170
CLSB,8/11/2012,0,0,0,0,101171
CLSB,8/12/2012,0,0,0,0,101176
CLSB,8/13/2012,0,0,1,1,101172
CLSB,8/15/2012,0,0,0,0,101173
CLSB,8/18/2012,0,0,2,2,101168
CLSB,8/25/2012,0,0,0,0,101174
CLSB,8/28/2012,0,0,0,0,101177
CLSB,8/29/2012,0,0,1,1,101169
CLSB,9/7/2012,0,0,0,0,101178
CLSB,9/8/2012,0,0,2,2,101182
CLSB,9/10/2012,0,0,0,0,101183
CLSB,9/11/2012,0,0,3,3,101186
CLSB,9/12/2012,0,0,0,0,101179
CLSB,9/14/2012,0,0,1,1,101184
CLSB,9/20/2012,0,0,0,0,101187
CLSB,9/22/2012,0,0,0,0,101185
CLSB,9/23/2012,0,0,3,3,101180
CLSB,9/28/2012,0,0,1,1,101181
CLSB,10/1/2012,0,0,2,2,89118
CLSB,10/2/2012,0,0,1,1,101196
CLSB,10/6/2012,0,0,0,0,101197
CLSB,10/7/2012,0,0,0,0,101198
CLSB,10/10/2012,0,0,1,1,101192
CLSB,10/14/2012,0,0,2,2,101193
CLSB,10/19/2012,0,0,0,0,101188
CLSB,10/21/2012,0,0,0,0,101194
CLSB,10/25/2012,0,0,0,0,101195
CLSB,10/27/2012,0,0,1,1,101189
CLSB,10/28/2012,0,0,0,0,101190
CLSB,10/29/2012,0,0,0,0,101191
RFFA,3/3/2013,0,0,8,4,127662
CLSB,3/5/2013,0,0,0,0,101203
RFFA,3/8/2013,0,0,8,10,127663
CLSB,3/9/2013,0,0,0,0,101204
RFFA,3/9/2013,0,0,3,5,127658
CLSB,3/10/2013,0,0,1,0,101199
RFFA,3/10/2013,0,0,0,0,127666
CLSB,3/11/2013,0,0,2,0,101205
RFFA,3/15/2013,0,0,12,16,127667
CLSB,3/16/2013,0,0,0,0,101209
RFFA,3/16/2013,0,0,6,1,127664
CLSB,3/17/2013,0,0,0,0,101210
CLSB,3/19/2013,0,0,0,0,101206
RFFA,3/20/2013,0,0,5,5,127668
CLSB,3/21/2013,0,0,0,0,101200
RFFA,3/21/2013,0,0,0,0,127659
RFFA,3/22/2013,0,0,0,6,127665
CLSB,3/23/2013,0,0,0,0,101207
RFFA,3/23/2013,0,0,0,1,127669
CLSB,3/24/2013,0,0,0,0,101201
CLSB,3/28/2013,0,0,0,0,101208
CLSB,3/29/2013,0,0,2,0,101202
RFFA,3/29/2013,0,0,1,2,127660
RFFA,3/30/2013,0,0,10,16,127661
RFFA,4/1/2013,0,0,0,3,94743
CLSB,4/2/2013,0,0,1,0,101223
CLSB,4/3/2013,0,0,4,0,101217
CLSB,4/4/2013,0,0,2,0,101211
RFFA,4/5/2013,0,1,6,9,127670
RFFA,4/5/2013,0,0,11,11,127676
CLSB,4/6/2013,0,0,4,0,101212
RFFA,4/6/2013,0,0,14,16,127677
CLSB,4/7/2013,0,0,4,0,101218
RFFA,4/10/2013,0,0,0,0,127681
CLSB,4/11/2013,0,0,1,0,101219
CLSB,4/12/2013,0,0,0,0,101224
RFFA,4/12/2013,0,0,8,6,127678
CLSB,4/13/2013,0,0,0,0,101213
RFFA,4/13/2013,0,0,13,18,127682
CLSB,4/14/2013,0,0,6,0,101225
RFFA,4/14/2013,0,0,21,20,127683
RFFA,4/14/2013,0,0,9,21,127679
CLSB,4/17/2013,0,0,1,0,101214
RFFA,4/17/2013,0,0,0,0,127671
RFFA,4/19/2013,0,0,8,10,127684
CLSB,4/20/2013,0,0,7,0,101226
RFFA,4/20/2013,0,0,14,5,127685
CLSB,4/21/2013,0,0,3,0,101227
CLSB,4/21/2013,0,0,0,0,101215
CLSB,4/23/2013,0,0,0,0,101228
RFFA,4/24/2013,0,0,1,3,127686
RFFA,4/26/2013,0,0,4,6,127672
CLSB,4/27/2013,0,0,0,0,101220
RFFA,4/27/2013,0,0,9,20,127680
RFFA,4/27/2013,0,0,4,9,127673
CLSB,4/28/2013,0,0,5,0,101221
CLSB,4/28/2013,0,0,6,0,101216
RFFA,4/28/2013,0,0,4,10,127674
CLSB,4/29/2013,0,0,1,0,101222
RFFA,4/29/2013,0,0,0,2,127675
RFFA,5/3/2013,0,0,1,0,127687
CLSB,5/4/2013,0,0,2,0,101235
CLSB,5/4/2013,0,0,3,0,101229
RFFA,5/4/2013,0,0,5,3,127698
RFFA,5/4/2013,0,0,1,2,127693
RFFA,5/5/2013,0,0,2,0,127688
RFFA,5/8/2013,0,0,5,10,127694
CLSB,5/10/2013,0,0,3,0,101241
RFFA,5/10/2013,0,0,14,16,127699
CLSB,5/11/2013,0,0,5,0,101230
CLSB,5/12/2013,0,0,6,0,101242
RFFA,5/12/2013,0,0,0,2,127689
RFFA,5/14/2013,0,0,11,9,127695
CLSB,5/15/2013,0,0,3,0,101236
CLSB,5/16/2013,0,0,3,0,101231
CLSB,5/17/2013,0,0,2,0,101232
CLSB,5/18/2013,0,0,5,0,101237
RFFA,5/18/2013,0,0,20,20,127700
CLSB,5/19/2013,0,0,4,0,101238
RFFA,5/19/2013,0,0,15,14,127701
RFFA,5/20/2013,0,0,10,8,127702
CLSB,5/21/2013,11,0,8,0,101243
CLSB,5/22/2013,0,0,2,0,101244
RFFA,5/22/2013,0,0,1,0,127696
CLSB,5/24/2013,0,0,0,0,101233
CLSB,5/25/2013,0,0,4,0,101239
CLSB,5/25/2013,0,0,3,0,101234
RFFA,5/26/2013,0,0,41,37,127697
RFFA,5/26/2013,0,0,1,7,127690
CLSB,5/29/2013,0,0,1,0,101240
RFFA,5/29/2013,0,0,0,3,127691
RFFA,5/30/2013,0,0,11,11,127703
RFFA,5/31/2013,0,0,0,6,127692
CLSB,6/1/2013,0,0,6,0,89124
RFFA,6/1/2013,0,0,10,17,94750
CLSB,6/2/2013,0,0,5,0,101251
RFFA,6/2/2013,0,0,0,7,127704
RFFA,6/3/2013,0,0,0,0,127705
RFFA,6/4/2013,0,0,0,0,127710
CLSB,6/6/2013,0,0,0,0,101252
CLSB,6/6/2013,0,0,1,0,101245
CLSB,6/7/2013,0,0,1,0,101258
CLSB,6/8/2013,0,0,4,0,101259
RFFA,6/8/2013,0,0,6,15,127711
CLSB,6/9/2013,0,0,3,0,101260
CLSB,6/9/2013,0,0,0,0,101253
CLSB,6/9/2013,0,0,4,0,101246
CLSB,6/11/2013,0,0,5,0,101261
CLSB,6/12/2013,0,0,0,0,101247
RFFA,6/13/2013,0,0,2,2,127716
CLSB,6/14/2013,0,0,0,0,101248
RFFA,6/14/2013,0,0,7,14,127717
RFFA,6/15/2013,7,0,23,18,127718
RFFA,6/15/2013,0,0,18,23,127712
RFFA,6/16/2013,0,0,11,8,127719
CLSB,6/18/2013,0,0,2,0,101254
RFFA,6/18/2013,0,0,0,1,127706
RFFA,6/20/2013,0,0,2,3,127707
CLSB,6/22/2013,0,0,0,0,101249
RFFA,6/22/2013,0,0,7,15,127713
RFFA,6/22/2013,0,0,6,7,127708
CLSB,6/23/2013,0,0,3,0,101250
RFFA,6/23/2013,0,0,9,10,127709
CLSB,6/24/2013,6,0,5,0,101262
RFFA,6/24/2013,0,0,0,0,127714
CLSB,6/25/2013,0,0,7,0,101255
RFFA,6/25/2013,0,0,8,5,127715
CLSB,6/29/2013,0,0,6,0,101256
CLSB,6/30/2013,0,0,4,0,101257
CLSB,7/2/2013,0,0,0,0,101263
RFFA,7/5/2013,0,0,4,5,127724
RFFA,7/6/2013,0,0,13,17,127725
RFFA,7/7/2013,0,0,0,5,127720
CLSB,7/10/2013,0,0,3,0,101269
RFFA,7/11/2013,0,0,4,9,127729
RFFA,7/12/2013,0,0,7,5,127726
CLSB,7/14/2013,0,0,2,0,101267
RFFA,7/14/2013,0,0,5,6,127727
CLSB,7/16/2013,1,0,3,0,101268
CLSB,7/19/2013,0,0,3,0,101270
CLSB,7/20/2013,0,0,6,0,101271
CLSB,7/21/2013,0,0,6,0,101272
RFFA,7/21/2013,0,0,4,5,127721
RFFA,7/23/2013,0,0,4,3,127722
RFFA,7/24/2013,0,0,11,6,127730
CLSB,7/27/2013,0,0,7,0,101264
RFFA,7/27/2013,0,0,19,14,127731
CLSB,7/28/2013,0,0,0,0,101265
RFFA,7/28/2013,0,0,16,15,127732
RFFA,7/29/2013,0,0,13,10,127728
RFFA,7/29/2013,1,0,4,3,127723
CLSB,7/30/2013,0,0,0,0,101266
CLSB,8/2/2013,0,0,2,0,101273
RFFA,8/2/2013,0,0,4,2,127733
CLSB,8/3/2013,0,0,3,0,101274
CLSB,8/5/2013,0,0,4,0,101275
RFFA,8/9/2013,0,0,16,20,127739
CLSB,8/10/2013,0,0,5,0,101276
RFFA,8/10/2013,0,0,0,8,127736
RFFA,8/12/2013,1,0,8,6,127737
CLSB,8/14/2013,0,0,4,0,101278
RFFA,8/14/2013,0,0,2,1,127734
CLSB,8/15/2013,0,0,0,0,101279
CLSB,8/17/2013,0,0,5,0,101281
RFFA,8/17/2013,0,0,11,7,127740
RFFA,8/18/2013,0,0,10,12,127738
CLSB,8/20/2013,0,0,0,0,101282
CLSB,8/21/2013,0,0,4,0,101283
CLSB,8/24/2013,0,0,2,0,101284
CLSB,8/25/2013,0,0,2,0,101280
RFFA,8/29/2013,0,0,5,4,127741
RFFA,8/30/2013,0,0,11,7,127742
CLSB,8/31/2013,0,0,1,0,101277
RFFA,8/31/2013,0,0,8,13,127735
CLSB,9/1/2013,0,0,0,0,101286
CLSB,9/1/2013,0,0,1,0,89131
RFFA,9/1/2013,0,0,8,10,94757
RFFA,9/6/2013,0,0,5,4,127750
CLSB,9/7/2013,0,0,2,0,101289
RFFA,9/7/2013,0,0,8,12,127745
RFFA,9/8/2013,0,0,4,5,127743
RFFA,9/10/2013,0,0,3,1,127746
RFFA,9/13/2013,0,0,3,5,127744
CLSB,9/14/2013,0,0,0,0,101287
RFFA,9/14/2013,0,0,12,9,127751
RFFA,9/15/2013,0,0,7,12,127747
CLSB,9/16/2013,0,0,0,0,101285
RFFA,9/20/2013,0,0,6,7,127748
RFFA,9/21/2013,0,0,12,9,127752
CLSB,9/25/2013,0,0,2,0,101288
CLSB,9/27/2013,0,0,8,0,101290
RFFA,9/27/2013,0,0,2,0,127749
RFFA,9/30/2013,0,0,7,3,127753
CLSB,10/1/2013,0,0,2,0,89134
RFFA,10/4/2013,0,0,3,4,127758
CLSB,10/5/2013,0,0,0,0,101299
RFFA,10/5/2013,0,0,6,5,127754
RFFA,10/6/2013,0,0,6,6,127759
CLSB,10/7/2013,0,0,0,0,101300
CLSB,10/8/2013,0,0,2,0,101295
RFFA,10/10/2013,0,0,0,2,127755
RFFA,10/11/2013,0,0,2,1,127756
CLSB,10/12/2013,0,0,4,0,101291
RFFA,10/12/2013,0,0,8,10,127762
CLSB,10/13/2013,0,0,3,0,101301
RFFA,10/13/2013,1,3,8,11,127760
CLSB,10/15/2013,0,0,1,0,101292
RFFA,10/15/2013,0,0,4,5,127763
RFFA,10/16/2013,0,0,4,5,127764
RFFA,10/17/2013,0,1,1,0,127761
CLSB,10/19/2013,0,0,2,0,101296
RFFA,10/19/2013,0,0,2,4,127765
RFFA,10/20/2013,0,0,3,5,127757
CLSB,10/22/2013,0,0,0,0,101293
CLSB,10/24/2013,0,0,3,0,101297
CLSB,10/26/2013,0,0,2,0,101294
CLSB,10/27/2013,0,0,3,0,101298
GELO,3/12/2014,0,0,0,0,107212
GELO,3/14/2014,0,0,0,0,107213
GELO,3/15/2014,0,0,0,0,107214
GELO,3/16/2014,0,0,0,3,107215
GELO,3/17/2014,0,0,0,0,107208
GELO,3/19/2014,0,0,1,0,107216
GELO,3/20/2014,0,0,0,0,107209
GELO,3/22/2014,0,0,0,0,107210
GELO,3/23/2014,0,0,0,0,107217
GELO,3/25/2014,0,0,0,7,107218
GELO,3/29/2014,0,0,0,5,107219
GELO,3/30/2014,0,0,0,2,107211
GELO,4/2/2014,0,0,0,1,107226
GELO,4/5/2014,0,0,1,0,107232
GELO,4/5/2014,0,0,0,2,107220
GELO,4/6/2014,0,0,0,3,107221
GELO,4/11/2014,0,0,0,2,107227
GELO,4/12/2014,0,0,0,0,107228
GELO,4/13/2014,0,0,0,0,107233
GELO,4/15/2014,0,0,0,0,107234
GELO,4/16/2014,0,0,0,2,107229
GELO,4/17/2014,0,0,0,0,107235
GELO,4/19/2014,0,0,0,2,107230
GELO,4/21/2014,0,0,1,0,107222
GELO,4/23/2014,0,0,1,0,107236
GELO,4/25/2014,0,0,0,0,107223
GELO,4/26/2014,0,0,0,0,107231
GELO,4/26/2014,0,0,0,0,107224
GELO,4/27/2014,0,0,6,0,107237
GELO,4/30/2014,0,0,0,0,107225
GELO,5/3/2014,0,0,0,3,107244
GELO,5/4/2014,0,0,0,0,107238
GELO,5/6/2014,0,0,0,1,107239
GELO,5/8/2014,0,0,0,0,107250
GELO,5/9/2014,0,0,0,2,107245
GELO,5/12/2014,0,0,0,1,107251
GELO,5/13/2014,0,0,2,4,107246
GELO,5/14/2014,0,0,0,0,107240
GELO,5/17/2014,0,0,0,2,107247
GELO,5/18/2014,0,0,3,0,107252
GELO,5/18/2014,0,0,0,0,107241
GELO,5/21/2014,0,0,0,0,107242
GELO,5/24/2014,0,0,2,4,107248
GELO,5/25/2014,0,0,2,0,107253
GELO,5/25/2014,0,0,0,0,107243
GELO,5/27/2014,0,0,0,3,107254
GELO,5/30/2014,0,0,0,2,107249
GELO,5/31/2014,0,0,0,0,107255
GELO,6/3/2014,0,0,0,0,107262
GELO,6/5/2014,0,0,0,0,107263
GELO,6/6/2014,0,0,0,3,107264
GELO,6/7/2014,0,0,8,3,107268
GELO,6/8/2014,0,0,4,0,107269
GELO,6/8/2014,0,0,0,0,107256
GELO,6/14/2014,0,0,0,3,107257
GELO,6/15/2014,0,0,2,0,107270
GELO,6/16/2014,0,0,0,0,107258
GELO,6/20/2014,0,0,0,2,107271
GELO,6/21/2014,0,0,0,3,107265
GELO,6/22/2014,0,0,0,5,107266
GELO,6/23/2014,0,0,2,10,107272
GELO,6/25/2014,0,0,0,0,107259
GELO,6/26/2014,0,0,2,0,107273
GELO,6/28/2014,0,0,0,0,107260
GELO,6/29/2014,0,0,0,0,107267
GELO,6/30/2014,0,0,0,0,107261
GELO,7/1/2014,0,0,0,0,107278
GELO,7/2/2014,0,0,0,0,107279
GELO,7/5/2014,0,0,3,5,107282
GELO,7/6/2014,0,0,0,0,107274
GELO,7/12/2014,0,0,0,0,107280
GELO,7/13/2014,0,0,0,0,107275
GELO,7/15/2014,0,0,0,0,107276
GELO,7/16/2014,0,0,0,0,107283
GELO,7/18/2014,0,0,0,0,107284
GELO,7/19/2014,0,0,0,3,107285
GELO,7/20/2014,0,0,0,0,107281
GELO,7/21/2014,0,0,0,0,107277
GELO,8/1/2014,0,0,0,0,90444
GELO,8/3/2014,0,0,10,10,107291
GELO,8/3/2014,0,0,4,2,107286
GELO,8/4/2014,0,0,0,0,107292
GELO,8/8/2014,0,0,0,0,107287
GELO,8/9/2014,0,0,0,3,107288
GELO,8/10/2014,0,0,0,0,107289
GELO,8/15/2014,0,0,0,0,107290
GELO,8/24/2014,0,0,0,0,107294
GELO,8/27/2014,0,0,0,0,107295
GELO,8/28/2014,0,0,0,2,107296
GELO,8/30/2014,0,0,5,0,107297
GELO,8/31/2014,0,0,0,4,107293
GELO,9/4/2014,0,0,0,0,107298
GELO,9/6/2014,0,0,0,0,107302
GELO,9/10/2014,0,0,0,0,107299
GELO,9/13/2014,0,0,0,0,107300
GELO,9/14/2014,0,0,0,0,107306
GELO,9/15/2014,0,0,0,0,107307
GELO,9/19/2014,0,0,0,0,107303
GELO,9/20/2014,0,0,0,3,107304
GELO,9/21/2014,0,0,2,0,107308
GELO,9/24/2014,0,0,0,0,107309
GELO,9/25/2014,0,0,0,0,107305
GELO,9/27/2014,0,0,0,0,107301
GELO,10/2/2014,0,0,0,0,107310
GELO,10/3/2014,0,0,0,0,107314
GELO,10/4/2014,0,0,0,0,107315
GELO,10/9/2014,0,0,0,0,107318
GELO,10/10/2014,0,0,0,0,107316
GELO,10/11/2014,0,0,7,0,107319
GELO,10/12/2014,0,0,0,0,107320
GELO,10/18/2014,0,0,0,0,107311
GELO,10/19/2014,0,0,0,0,107312
GELO,10/22/2014,0,0,0,0,107313
GELO,10/25/2014,0,0,0,0,107317
GELO,10/29/2014,0,0,0,0,107321
CLSB,3/1/2015,0,0,0,0,101307
CLSB,3/8/2015,0,0,0,0,101310
CLSB,3/12/2015,0,0,0,0,101302
CLSB,3/13/2015,0,0,0,0,101303
CLSB,3/14/2015,0,0,0,0,101304
CLSB,3/22/2015,0,0,0,0,101311
CLSB,3/25/2015,0,0,0,0,101312
CLSB,3/25/2015,0,0,2,0,101308
CLSB,3/28/2015,0,0,0,0,101305
CLSB,3/29/2015,0,0,0,0,101309
CLSB,3/30/2015,0,0,1,0,101306
CLSB,3/31/2015,0,0,0,0,101313
CLSB,4/4/2015,0,0,0,0,101314
CLSB,4/8/2015,0,0,0,0,101322
CLSB,4/8/2015,6,0,4,0,101315
CLSB,4/10/2015,0,0,2,0,101316
CLSB,4/11/2015,0,0,2,2,101327
CLSB,4/11/2015,0,0,0,0,101317
CLSB,4/12/2015,0,0,1,1,101328
CLSB,4/12/2015,0,0,0,1,101323
CLSB,4/13/2015,0,0,2,1,101329
CLSB,4/15/2015,0,0,0,0,101318
CLSB,4/18/2015,0,0,0,0,101324
CLSB,4/19/2015,0,0,0,3,101319
CLSB,4/22/2015,0,0,1,1,101325
CLSB,4/22/2015,0,0,0,0,101320
CLSB,4/25/2015,0,0,3,2,101330
CLSB,4/26/2015,0,0,0,1,101321
CLSB,4/28/2015,0,1,4,2,101331
CLSB,4/29/2015,0,0,2,1,101332
CLSB,4/30/2015,0,0,0,0,101326
CLSB,5/2/2015,0,0,0,2,101339
CLSB,5/3/2015,0,0,0,0,101344
CLSB,5/3/2015,0,0,1,2,101340
CLSB,5/8/2015,0,0,2,0,101333
CLSB,5/9/2015,0,0,1,1,101334
CLSB,5/12/2015,0,0,4,4,101335
CLSB,5/13/2015,0,0,1,2,101345
CLSB,5/14/2015,0,0,1,4,101346
CLSB,5/14/2015,0,0,0,0,101341
CLSB,5/16/2015,0,0,2,0,101347
CLSB,5/17/2015,0,0,0,3,101336
CLSB,5/21/2015,0,0,2,3,101337
CLSB,5/22/2015,0,0,4,1,101342
CLSB,5/24/2015,0,0,3,4,101348
CLSB,5/26/2015,0,0,8,10,101349
CLSB,5/27/2015,0,0,7,9,101350
CLSB,5/30/2015,0,0,1,6,101338
CLSB,5/31/2015,0,0,5,9,101343
CLSB,6/2/2015,0,0,2,1,101356
CLSB,6/5/2015,0,0,6,8,101351
CLSB,6/6/2015,0,0,0,3,101357
CLSB,6/7/2015,0,0,5,1,101362
CLSB,6/8/2015,0,0,4,7,101358
CLSB,6/13/2015,0,0,4,6,101352
CLSB,6/15/2015,0,0,2,4,101363
CLSB,6/16/2015,0,0,5,3,101364
CLSB,6/17/2015,0,0,3,2,101365
CLSB,6/18/2015,0,0,4,2,101366
CLSB,6/19/2015,0,0,0,2,101353
CLSB,6/20/2015,1,0,1,5,101354
CLSB,6/21/2015,0,0,2,5,101367
CLSB,6/22/2015,0,0,0,2,101355
CLSB,6/25/2015,0,0,2,3,101359
CLSB,6/27/2015,0,0,6,5,101360
CLSB,6/28/2015,0,0,7,4,101361
CLSB,7/5/2015,0,0,2,5,101373
CLSB,7/9/2015,0,0,0,3,101374
CLSB,7/11/2015,0,0,4,7,101377
CLSB,7/13/2015,0,0,2,2,101368
CLSB,7/15/2015,0,0,0,2,101369
CLSB,7/16/2015,0,0,4,1,101375
CLSB,7/18/2015,0,0,1,5,101370
CLSB,7/19/2015,0,0,2,0,101376
CLSB,7/24/2015,0,0,4,6,101371
CLSB,7/26/2015,0,0,7,7,101378
CLSB,7/26/2015,0,0,2,3,101372
CLSB,7/31/2015,0,0,4,4,101379
CLSB,8/6/2015,0,0,0,0,101384
CLSB,8/9/2015,0,0,3,5,101385
CLSB,8/12/2015,0,0,5,4,101386
CLSB,8/14/2015,0,0,0,2,101380
CLSB,8/15/2015,0,0,1,4,101381
CLSB,8/16/2015,0,0,3,5,101387
CLSB,8/17/2015,0,0,0,4,101388
CLSB,8/18/2015,0,0,0,3,101382
CLSB,8/22/2015,0,0,6,2,101383
CLSB,8/23/2015,0,0,4,5,101389
CLSB,8/25/2015,0,0,0,2,101390
CLSB,8/30/2015,0,0,4,6,101391
CLSB,9/1/2015,0,0,1,0,89154
CLSB,9/2/2015,0,0,0,0,101392
CLSB,9/3/2015,0,0,4,6,101397
CLSB,9/5/2015,0,0,2,2,101401
CLSB,9/9/2015,0,0,4,4,101402
CLSB,9/12/2015,0,0,1,3,101398
CLSB,9/15/2015,0,0,2,0,101393
CLSB,9/19/2015,0,0,5,3,101394
CLSB,9/20/2015,0,0,6,5,101399
CLSB,9/20/2015,0,0,1,4,101395
CLSB,9/26/2015,0,0,0,2,101396
CLSB,9/28/2015,0,0,5,5,101400
CLSB,10/1/2015,0,0,0,2,89156
CLSB,10/8/2015,0,0,3,1,101410
CLSB,10/10/2015,0,0,2,0,101411
CLSB,10/10/2015,0,0,0,1,101403
CLSB,10/11/2015,0,0,2,4,101404
CLSB,10/15/2015,0,0,3,5,101405
CLSB,10/17/2015,0,0,1,3,101412
CLSB,10/18/2015,0,0,0,2,101407
CLSB,10/23/2015,0,0,0,0,101408
CLSB,10/24/2015,0,0,2,4,101409
CLSB,10/30/2015,0,0,1,2,101406
MESB,3/1/2016,0,0,0,0,119661
PESB,3/3/2016,0,0,3,3,126084
MESB,3/6/2016,0,0,0,0,119656
PESB,3/6/2016,0,0,6,6,126080
MESB,3/10/2016,0,0,0,0,119657
PESB,3/10/2016,0,0,5,5,126088
MESB,3/11/2016,0,0,1,0,119662
PESB,3/11/2016,0,0,2,2,126081
MESB,3/12/2016,0,0,0,0,119653
PESB,3/12/2016,0,0,6,6,126089
MESB,3/13/2016,0,0,1,0,119658
PESB,3/13/2016,0,0,9,9,126085
MESB,3/16/2016,0,0,0,0,119659
PESB,3/16/2016,0,0,5,5,126082
MESB,3/19/2016,0,0,3,0,119663
PESB,3/19/2016,0,0,5,5,126083
MESB,3/20/2016,0,0,0,0,119660
PESB,3/20/2016,0,0,8,8,126090
MESB,3/23/2016,0,0,0,0,119654
PESB,3/23/2016,0,0,5,5,126091
MESB,3/26/2016,0,0,0,1,119664
PESB,3/26/2016,0,0,2,2,126086
MESB,3/31/2016,0,0,0,0,119655
PESB,3/31/2016,0,0,4,4,126087
MESB,4/2/2016,0,0,0,1,119669
PESB,4/2/2016,0,0,5,5,126104
MESB,4/3/2016,0,0,0,1,119674
PESB,4/3/2016,0,0,9,9,126099
MESB,4/4/2016,0,0,0,0,119675
MESB,4/4/2016,0,0,0,0,119665
PESB,4/4/2016,0,0,5,5,126100
MESB,4/5/2016,0,0,0,0,119670
PESB,4/5/2016,0,0,10,10,126105
PESB,4/9/2016,0,0,7,7,126092
MESB,4/10/2016,0,0,2,0,119671
MESB,4/10/2016,0,0,0,3,119666
PESB,4/10/2016,0,0,11,11,126093
MESB,4/11/2016,0,0,0,0,119676
PESB,4/11/2016,0,0,6,6,126094
MESB,4/13/2016,0,0,0,0,119672
PESB,4/13/2016,0,0,8,8,126095
PESB,4/16/2016,0,0,14,14,126101
MESB,4/17/2016,0,0,0,0,119677
PESB,4/17/2016,0,0,8,8,126096
MESB,4/21/2016,0,0,0,0,119667
PESB,4/22/2016,0,0,8,8,126106
PESB,4/24/2016,0,0,8,8,126097
MESB,4/25/2016,0,0,0,0,119678
PESB,4/25/2016,0,0,5,5,126102
MESB,4/26/2016,0,0,0,0,119673
PESB,4/26/2016,0,0,11,11,126107
PESB,4/26/2016,0,0,6,6,126098
MESB,4/30/2016,0,0,0,1,119668
PESB,4/30/2016,0,0,13,13,126103
PESB,5/1/2016,0,0,7,7,94398
MESB,5/3/2016,0,0,4,4,119685
PESB,5/3/2016,0,0,9,9,126108
MESB,5/7/2016,0,0,7,7,119686
PESB,5/7/2016,0,0,24,24,126120
PESB,5/7/2016,0,0,18,18,126109
MESB,5/8/2016,0,0,0,0,119691
PESB,5/8/2016,0,0,19,19,126110
MESB,5/9/2016,0,0,0,0,119692
PESB,5/9/2016,0,0,12,12,126111
MESB,5/10/2016,0,0,3,0,119687
PESB,5/10/2016,0,0,12,12,126121
MESB,5/11/2016,0,0,2,3,119679
PESB,5/11/2016,0,0,9,9,126114
MESB,5/14/2016,0,0,6,2,119688
PESB,5/14/2016,0,0,11,11,126112
MESB,5/15/2016,0,0,5,5,119680
PESB,5/15/2016,0,0,8,8,126115
MESB,5/16/2016,0,0,1,0,119693
PESB,5/16/2016,0,0,7,7,126113
MESB,5/17/2016,0,0,1,0,119694
PESB,5/17/2016,0,0,11,11,126116
MESB,5/18/2016,0,0,2,2,119689
PESB,5/18/2016,0,0,16,16,126122
MESB,5/21/2016,0,0,3,4,119690
PESB,5/21/2016,0,0,14,14,126123
MESB,5/22/2016,0,0,4,4,119695
MESB,5/22/2016,0,0,0,0,119681
PESB,5/22/2016,0,0,14,14,126117
MESB,5/25/2016,0,0,0,1,119682
PESB,5/25/2016,0,0,13,13,126118
MESB,5/28/2016,0,0,4,4,119696
MESB,5/28/2016,0,0,0,0,119683
PESB,5/28/2016,0,0,15,15,126119
MESB,5/31/2016,0,0,0,2,119684
PESB,5/31/2016,0,0,7,7,126124
MESB,6/3/2016,0,0,0,1,119697
PESB,6/3/2016,0,0,11,11,126131
MESB,6/4/2016,0,0,1,4,119702
PESB,6/4/2016,0,0,13,13,126137
PESB,6/4/2016,0,0,15,15,126132
PESB,6/4/2016,0,0,10,10,126125
MESB,6/5/2016,0,0,7,7,119708
MESB,6/8/2016,0,0,1,2,119698
PESB,6/8/2016,0,0,16,16,126138
MESB,6/11/2016,0,0,2,3,119703
PESB,6/11/2016,0,0,18,18,126139
PESB,6/11/2016,0,0,17,17,126126
MESB,6/12/2016,0,0,5,7,119709
MESB,6/12/2016,0,0,2,9,119699
PESB,6/12/2016,0,0,14,14,126133
MESB,6/15/2016,0,0,2,2,119704
PESB,6/15/2016,0,0,11,11,126127
MESB,6/16/2016,0,0,1,1,119710
PESB,6/16/2016,0,0,7,7,126134
MESB,6/18/2016,0,0,2,2,119705
PESB,6/18/2016,0,0,16,16,126128
MESB,6/19/2016,0,0,4,4,119711
PESB,6/19/2016,0,0,17,17,126135
MESB,6/20/2016,0,0,0,0,119712
PESB,6/20/2016,0,0,11,11,126129
MESB,6/23/2016,0,0,2,2,119706
PESB,6/23/2016,0,0,19,19,126140
MESB,6/26/2016,0,0,4,4,119700
PESB,6/26/2016,0,0,16,16,126141
MESB,6/28/2016,0,0,0,0,119713
PESB,6/28/2016,0,0,15,15,126130
MESB,6/29/2016,0,0,2,2,119707
PESB,6/29/2016,0,0,11,11,126142
MESB,6/30/2016,0,0,1,1,119701
PESB,6/30/2016,0,0,17,17,126136
MESB,7/2/2016,0,0,2,4,119718
PESB,7/2/2016,0,0,13,13,126143
PESB,7/3/2016,0,0,11,11,126144
MESB,7/6/2016,0,0,0,3,119722
PESB,7/6/2016,0,0,10,10,126145
MESB,7/7/2016,0,0,0,0,119714
PESB,7/7/2016,0,0,12,12,126151
MESB,7/9/2016,0,0,0,4,119723
PESB,7/9/2016,0,0,14,14,126148
MESB,7/10/2016,0,0,1,5,119715
PESB,7/10/2016,0,0,10,10,126152
MESB,7/11/2016,0,0,0,2,119716
PESB,7/11/2016,0,0,13,13,126149
MESB,7/19/2016,0,0,0,0,119719
PESB,7/19/2016,0,0,7,7,126153
MESB,7/23/2016,0,0,4,4,119720
PESB,7/23/2016,0,0,13,13,126146
MESB,7/24/2016,0,0,4,6,119717
PESB,7/24/2016,0,0,10,10,126154
MESB,7/25/2016,0,0,0,0,119724
PESB,7/25/2016,0,0,10,10,126150
MESB,7/26/2016,0,0,0,0,119721
PESB,7/26/2016,0,0,13,13,126147
MESB,8/2/2016,0,0,2,2,119733
PESB,8/2/2016,0,0,14,14,126155
MESB,8/3/2016,0,0,1,1,119734
MESB,8/5/2016,0,0,0,2,119729
MESB,8/6/2016,0,0,4,6,119730
MESB,8/7/2016,0,0,4,4,119725
MESB,8/8/2016,0,0,0,0,119731
PESB,8/9/2016,0,0,11,11,126159
MESB,8/10/2016,0,0,0,0,119726
PESB,8/12/2016,0,0,11,11,126163
PESB,8/13/2016,1,1,9,9,126156
MESB,8/13/2016,0,0,10,10,119735
MESB,8/14/2016,0,0,1,1,119732
PESB,8/14/2016,0,0,8,8,126164
PESB,8/15/2016,0,0,12,12,126157
PESB,8/17/2016,0,0,7,7,126160
PESB,8/20/2016,1,1,14,14,126161
MESB,8/20/2016,0,0,0,1,119727
MESB,8/21/2016,0,0,3,3,119736
PESB,8/21/2016,0,0,10,10,126162
PESB,8/24/2016,0,0,8,8,126165
MESB,8/25/2016,0,0,1,3,119728
PESB,8/27/2016,2,2,14,14,126158
PESB,8/28/2016,0,0,10,10,126166
PESB,9/1/2016,2,2,9,9,94408
MESB,9/4/2016,0,0,7,11,119741
PESB,9/4/2016,0,0,15,15,126173
MESB,9/7/2016,0,0,0,0,119745
PESB,9/7/2016,0,0,7,7,126169
MESB,9/10/2016,0,0,2,2,119737
PESB,9/10/2016,0,0,8,8,126170
MESB,9/14/2016,0,0,0,0,119738
PESB,9/14/2016,0,0,8,8,126171
MESB,9/17/2016,0,0,11,11,119746
PESB,9/17/2016,0,0,14,14,126167
MESB,9/18/2016,0,0,4,4,119747
PESB,9/18/2016,0,0,12,12,126172
MESB,9/20/2016,0,0,0,0,119739
PESB,9/20/2016,0,0,14,14,126174
MESB,9/24/2016,0,0,2,2,119742
PESB,9/24/2016,0,0,11,11,126168
MESB,9/25/2016,0,0,0,0,119740
PESB,9/25/2016,0,0,15,15,126175
MESB,9/27/2016,0,0,0,1,119743
MESB,9/28/2016,0,0,2,2,119744
PESB,9/28/2016,0,0,10,10,126176
MESB,10/8/2016,0,0,2,8,119752
PESB,10/8/2016,0,0,12,12,126177
PESB,10/14/2016,0,0,8,8,126178
MESB,10/15/2016,0,0,7,7,119753
PESB,10/15/2016,0,0,16,16,126184
MESB,10/16/2016,0,0,0,0,119755
PESB,10/16/2016,0,0,12,12,126179
MESB,10/17/2016,0,0,0,0,119754
PESB,10/17/2016,0,0,12,12,126185
MESB,10/19/2016,0,0,0,0,119748
PESB,10/19/2016,0,0,10,10,126181
PESB,10/21/2016,9,9,8,8,126182
MESB,10/21/2016,0,0,0,0,119756
MESB,10/23/2016,0,0,1,0,119757
MESB,10/27/2016,0,0,0,0,119758
PESB,10/27/2016,0,0,9,9,126180
MESB,10/29/2016,0,0,0,0,119749
PESB,10/29/2016,0,0,9,9,126183
MESB,10/30/2016,0,0,0,0,119750
PESB,10/30/2016,0,0,14,14,126186
MESB,10/31/2016,0,0,1,1,119751
PESB,10/31/2016,0,0,9,9,126187
CGSB,3/1/2017,0,0,1,1,88937
CGSB,3/1/2017,0,0,5,5,88936
CLSB,3/1/2017,0,0,2,2,89160
CLSB,3/1/2017,0,0,3,3,89159
CLSB,3/1/2017,0,0,2,2,89158
CGSB,3/4/2017,0,0,0,0,100367
CLSB,3/4/2017,0,0,0,2,101413
CGSB,3/5/2017,0,0,1,1,100371
CGSB,3/8/2017,0,0,1,1,100375
CLSB,3/8/2017,0,0,0,0,101420
CGSB,3/11/2017,0,0,0,0,100376
CLSB,3/11/2017,0,0,1,2,101421
CGSB,3/14/2017,0,0,0,0,100372
CLSB,3/14/2017,0,0,0,0,101414
CLSB,3/16/2017,0,0,2,0,101417
CGSB,3/17/2017,0,0,0,0,100368
CLSB,3/17/2017,0,0,1,3,101415
CGSB,3/18/2017,0,0,1,1,100373
CLSB,3/18/2017,0,0,2,4,101418
CLSB,3/19/2017,0,0,3,1,101419
CLSB,3/20/2017,0,0,2,4,101422
CGSB,3/21/2017,0,0,0,0,100377
CGSB,3/23/2017,0,0,3,3,100374
CGSB,3/25/2017,0,0,0,0,100378
CLSB,3/25/2017,0,0,3,0,101423
CGSB,3/26/2017,0,0,0,0,100369
CGSB,3/29/2017,0,0,0,0,100370
CLSB,3/29/2017,0,0,0,0,101416
CGSB,4/1/2017,0,0,4,4,88939
CGSB,4/1/2017,0,0,21,21,88940
CGSB,4/1/2017,0,0,1,3,88938
CLSB,4/1/2017,0,0,17,17,89163
CLSB,4/1/2017,0,0,8,8,89162
CLSB,4/1/2017,0,0,2,2,89161
CGSB,4/2/2017,0,0,8,9,100388
CLSB,4/2/2017,0,0,6,4,101434
CGSB,4/3/2017,0,0,1,5,100383
CLSB,4/3/2017,0,0,1,3,101429
CGSB,4/4/2017,0,0,0,0,100384
CLSB,4/4/2017,0,0,1,0,101430
CGSB,4/7/2017,0,0,2,2,100385
CLSB,4/7/2017,0,0,0,2,101431
CGSB,4/8/2017,0,0,1,1,100386
CLSB,4/8/2017,0,0,8,4,101432
CGSB,4/9/2017,0,0,2,2,100389
CLSB,4/9/2017,0,0,12,15,101435
CGSB,4/11/2017,0,0,2,1,100379
CLSB,4/11/2017,0,0,2,4,101424
CGSB,4/12/2017,0,0,0,0,100380
CLSB,4/12/2017,0,0,7,11,101425
CGSB,4/15/2017,0,0,5,5,100390
CLSB,4/15/2017,0,0,6,2,101436
CGSB,4/18/2017,0,0,1,4,100391
CLSB,4/18/2017,0,0,16,13,101437
CGSB,4/20/2017,0,0,4,4,100381
CLSB,4/20/2017,0,0,7,9,101426
CGSB,4/23/2017,0,0,1,6,100387
CLSB,4/23/2017,0,0,4,6,101433
CLSB,4/23/2017,0,0,4,6,101427
CGSB,4/27/2017,0,0,5,6,100392
CLSB,4/27/2017,0,0,2,4,101438
CGSB,4/28/2017,0,0,3,4,100393
CLSB,4/28/2017,0,0,3,4,101439
CGSB,4/29/2017,0,0,0,0,100382
CLSB,4/29/2017,0,0,0,0,101428
CGSB,4/30/2017,0,0,1,1,100394
CLSB,4/30/2017,0,0,9,4,101440
CLSB,5/1/2017,2,2,24,24,89165
CGSB,5/1/2017,0,0,10,10,88941
CGSB,5/1/2017,0,0,9,9,88942
CGSB,5/1/2017,0,0,9,9,88943
CLSB,5/1/2017,0,0,37,37,89166
CLSB,5/1/2017,0,0,38,38,89164
CGSB,5/2/2017,0,0,2,2,100401
CLSB,5/2/2017,0,0,4,6,101447
CGSB,5/5/2017,0,0,3,3,100407
CLSB,5/5/2017,0,0,5,9,101453
CGSB,5/6/2017,0,0,3,3,100402
CLSB,5/6/2017,0,0,7,10,101448
CGSB,5/7/2017,0,0,3,3,100395
CLSB,5/7/2017,0,0,7,0,101441
CGSB,5/8/2017,0,0,1,1,100408
CLSB,5/8/2017,0,0,6,8,101454
CGSB,5/12/2017,0,0,1,1,100396
CLSB,5/12/2017,0,0,10,0,101442
CLSB,5/13/2017,0,0,14,18,101455
CGSB,5/14/2017,0,0,3,3,100409
CLSB,5/14/2017,0,0,8,0,101456
CGSB,5/18/2017,0,0,0,0,100410
CLSB,5/18/2017,0,0,7,0,101457
CGSB,5/19/2017,0,0,0,0,100403
CLSB,5/19/2017,0,0,5,7,101449
CGSB,5/20/2017,0,0,2,2,100411
CGSB,5/20/2017,0,0,4,4,100404
CLSB,5/20/2017,0,0,4,0,101450
CGSB,5/21/2017,0,0,7,7,100412
CLSB,5/21/2017,0,0,15,12,101458
CGSB,5/23/2017,0,0,3,3,100405
CLSB,5/23/2017,0,0,5,0,101451
CGSB,5/24/2017,0,0,3,3,100397
CLSB,5/24/2017,0,0,2,5,101443
CGSB,5/27/2017,0,0,7,7,100406
CGSB,5/27/2017,0,0,4,4,100398
CLSB,5/27/2017,0,0,6,0,101452
CLSB,5/27/2017,0,0,3,0,101444
CGSB,5/28/2017,0,0,9,9,100399
CLSB,5/28/2017,0,0,11,13,101445
CGSB,5/31/2017,0,0,1,1,100400
CLSB,5/31/2017,0,0,10,10,101446
CGSB,6/1/2017,0,0,9,9,88944
CGSB,6/1/2017,0,0,13,13,88945
CGSB,6/1/2017,0,0,9,9,88946
CLSB,6/1/2017,0,0,37,37,89168
CLSB,6/1/2017,0,0,19,19,89167
CLSB,6/1/2017,0,0,4,6,89169
CGSB,6/2/2017,0,0,0,0,100425
CGSB,6/3/2017,0,0,7,7,100426
CLSB,6/3/2017,0,0,7,7,101472
CGSB,6/4/2017,0,0,1,1,100413
CLSB,6/4/2017,0,0,5,8,101459
CGSB,6/7/2017,0,0,1,1,100427
CLSB,6/7/2017,0,0,6,6,101473
CGSB,6/8/2017,0,0,3,3,100419
CLSB,6/8/2017,0,0,3,5,101465
CGSB,6/10/2017,0,0,2,2,100420
CLSB,6/10/2017,0,0,5,5,101466
CGSB,6/11/2017,0,0,4,4,100414
CLSB,6/11/2017,0,0,3,6,101460
CGSB,6/12/2017,0,0,2,2,100415
CLSB,6/12/2017,0,0,2,4,101461
CGSB,6/15/2017,0,0,2,3,100416
CLSB,6/15/2017,0,0,2,2,101462
CGSB,6/17/2017,0,0,1,1,100428
CLSB,6/17/2017,0,0,11,14,101474
CGSB,6/18/2017,0,0,3,3,100421
CLSB,6/18/2017,0,0,5,7,101467
CGSB,6/21/2017,0,0,2,2,100429
CLSB,6/22/2017,0,0,8,11,101468
CGSB,6/23/2017,0,0,1,1,100422
CLSB,6/23/2017,0,0,3,5,101469
CGSB,6/24/2017,0,0,6,6,100423
CLSB,6/24/2017,0,0,15,12,101470
CGSB,6/25/2017,0,0,6,6,100430
CGSB,6/25/2017,0,0,4,4,100417
CLSB,6/25/2017,0,0,16,11,101475
CLSB,6/25/2017,0,0,11,14,101463
CGSB,6/27/2017,0,0,3,3,100418
CLSB,6/27/2017,0,0,3,2,101464
CGSB,6/29/2017,0,0,3,6,100424
CLSB,6/29/2017,0,0,5,8,101471
CGSB,7/1/2017,0,0,5,5,88947
CGSB,7/1/2017,0,0,7,7,88949
CGSB,7/1/2017,0,0,14,14,88948
CLSB,7/1/2017,0,0,12,12,89172
CLSB,7/1/2017,0,0,13,13,89171
CLSB,7/1/2017,0,0,22,22,89170
CGSB,7/3/2017,0,0,7,11,100439
CGSB,7/3/2017,0,0,13,15,100435
CLSB,7/3/2017,0,0,12,10,101485
CLSB,7/3/2017,0,0,9,11,101480
CGSB,7/8/2017,0,0,6,6,100440
CLSB,7/8/2017,0,0,11,15,101486
CGSB,7/10/2017,0,0,0,0,100441
CLSB,7/10/2017,0,0,4,6,101481
CGSB,7/11/2017,0,0,1,1,100436
CLSB,7/11/2017,0,0,4,5,101482
CGSB,7/15/2017,0,0,1,3,100442
CLSB,7/15/2017,0,0,4,6,101487
CGSB,7/16/2017,0,0,1,1,100437
CLSB,7/16/2017,0,0,5,4,101483
CGSB,7/22/2017,0,0,3,3,100431
CLSB,7/22/2017,0,0,5,2,101476
CGSB,7/23/2017,0,0,4,4,100438
CLSB,7/23/2017,0,0,2,4,101484
CLSB,7/25/2017,0,0,6,3,101477
CGSB,7/27/2017,0,0,2,2,100432
CGSB,7/28/2017,0,0,4,4,100433
CLSB,7/28/2017,0,0,1,0,101478
CGSB,7/29/2017,0,0,2,8,100434
CLSB,7/29/2017,0,0,7,8,101479
CGSB,8/1/2017,0,0,7,7,88952
CGSB,8/1/2017,0,0,7,7,88951
CGSB,8/1/2017,0,0,2,2,88950
CLSB,8/1/2017,0,0,17,17,89175
CLSB,8/1/2017,0,0,14,14,89174
CLSB,8/1/2017,0,0,5,6,89173
CGSB,8/5/2017,0,0,7,7,100450
CLSB,8/5/2017,0,0,3,4,101495
CLSB,8/6/2017,0,0,2,4,101491
CGSB,8/8/2017,0,0,4,4,100446
CLSB,8/9/2017,0,0,3,2,101492
CGSB,8/12/2017,0,0,2,2,100451
CGSB,8/12/2017,0,0,4,4,100447
CLSB,8/12/2017,0,0,3,5,101493
CLSB,8/13/2017,0,0,4,3,101496
CGSB,8/14/2017,0,0,2,2,100448
CLSB,8/14/2017,0,0,6,3,101494
CGSB,8/16/2017,0,0,2,2,100452
CLSB,8/18/2017,0,0,4,7,101497
CGSB,8/19/2017,0,0,2,2,100443
CLSB,8/19/2017,0,0,11,9,101488
CGSB,8/20/2017,0,0,5,5,100444
CGSB,8/21/2017,0,0,1,1,100445
CLSB,8/21/2017,0,0,4,4,101489
CGSB,8/25/2017,0,0,3,3,100453
CLSB,8/25/2017,0,0,3,5,101498
CGSB,8/26/2017,0,0,4,4,100449
CLSB,8/26/2017,0,0,3,7,101490
CGSB,9/1/2017,0,0,7,7,88955
CGSB,9/1/2017,0,0,9,9,88954
CGSB,9/1/2017,0,0,10,10,88953
CLSB,9/1/2017,0,0,10,10,89178
CLSB,9/1/2017,0,0,12,12,89177
CLSB,9/1/2017,0,0,18,18,89176
CGSB,9/3/2017,0,0,7,7,100454
CLSB,9/3/2017,0,0,8,10,101499
CGSB,9/8/2017,0,0,1,1,100462
CLSB,9/8/2017,0,0,3,5,101508
CGSB,9/9/2017,0,0,3,3,100458
CLSB,9/9/2017,0,0,3,3,101504
CGSB,9/10/2017,0,0,4,4,100463
CLSB,9/10/2017,0,0,2,4,101509
CGSB,9/15/2017,0,0,1,1,100464
CLSB,9/15/2017,0,0,3,1,101500
CGSB,9/17/2017,0,0,6,9,100459
CLSB,9/17/2017,0,0,5,3,101505
CGSB,9/18/2017,0,0,2,2,100460
CLSB,9/18/2017,0,0,0,0,101506
CGSB,9/19/2017,0,0,1,1,100461
CLSB,9/19/2017,0,0,2,2,101507
CGSB,9/22/2017,0,0,0,0,100455
CLSB,9/22/2017,0,0,0,2,101501
CGSB,9/23/2017,0,0,4,4,100465
CLSB,9/23/2017,0,0,2,4,101510
CGSB,9/24/2017,0,0,5,5,100456
CLSB,9/24/2017,0,0,0,2,101502
CGSB,9/27/2017,0,0,2,2,100457
CLSB,9/27/2017,0,0,1,2,101503
CGSB,10/1/2017,0,0,1,1,88956
CGSB,10/1/2017,0,0,5,5,88956
CLSB,10/1/2017,0,0,12,12,89181
CLSB,10/1/2017,0,0,12,12,89180
CLSB,10/1/2017,0,0,9,9,89179
CGSB,10/4/2017,0,0,2,2,100474
CLSB,10/4/2017,0,0,1,3,101518
CGSB,10/5/2017,0,0,3,3,100466
CLSB,10/5/2017,0,0,1,0,101511
CGSB,10/6/2017,0,0,1,1,100470
CLSB,10/6/2017,0,0,1,0,101514
CGSB,10/14/2017,0,0,1,1,100467
CLSB,10/14/2017,0,0,1,2,101512
CGSB,10/15/2017,0,0,3,3,100468
CGSB,10/21/2017,0,0,0,0,100475
CLSB,10/21/2017,0,0,3,2,101519
CGSB,10/22/2017,0,0,1,1,100476
CLSB,10/22/2017,0,0,3,0,101520
CGSB,10/25/2017,0,0,2,2,100469
CLSB,10/25/2017,0,0,4,6,101513
CGSB,10/27/2017,0,0,0,0,100477
CLSB,10/27/2017,0,0,3,1,101521
CGSB,10/28/2017,0,0,0,0,100471
CLSB,10/28/2017,0,0,6,11,101515
CGSB,10/29/2017,0,0,0,0,100472
CLSB,10/29/2017,0,0,8,6,101516
CGSB,10/30/2017,0,0,1,1,100473
CLSB,10/30/2017,0,0,1,0,101517
POMS,3/1/2018,0,0,0,0,94560
POMS,3/4/2018,0,0,0,0,126880
POMS,3/5/2018,0,0,0,0,126883
POMS,3/7/2018,0,0,0,0,126876
POMS,3/9/2018,0,0,3,4,126884
POMS,3/11/2018,0,0,0,0,126877
POMS,3/17/2018,0,0,2,2,126885
POMS,3/18/2018,0,0,0,0,126881
POMS,3/18/2018,0,0,0,0,126878
POMS,3/21/2018,0,0,4,5,126882
POMS,3/23/2018,0,0,0,0,126879
POMS,3/31/2018,0,0,1,1,126886
POMS,4/2/2018,0,0,0,0,126887
POMS,4/3/2018,0,0,0,0,126893
POMS,4/5/2018,0,0,0,0,126898
POMS,4/6/2018,0,0,0,0,126888
POMS,4/8/2018,0,0,0,0,126894
POMS,4/9/2018,0,0,1,1,126899
POMS,4/13/2018,0,0,2,3,126895
POMS,4/14/2018,0,0,0,0,126889
POMS,4/15/2018,0,0,0,0,126900
POMS,4/16/2018,0,0,0,0,126901
POMS,4/21/2018,0,0,1,1,126902
POMS,4/21/2018,0,0,0,0,126890
POMS,4/22/2018,0,0,1,1,126896
POMS,4/23/2018,0,0,2,2,126897
POMS,4/25/2018,0,0,0,0,126891
POMS,4/28/2018,0,0,0,0,126903
POMS,4/29/2018,0,0,2,2,126892
POMS,5/5/2018,0,0,0,0,126916
POMS,5/5/2018,0,0,2,2,126910
POMS,5/7/2018,0,0,1,1,126917
POMS,5/11/2018,0,0,5,5,126918
POMS,5/12/2018,0,0,2,2,126904
POMS,5/13/2018,0,0,1,1,126905
POMS,5/18/2018,0,0,0,0,126919
POMS,5/19/2018,0,0,0,0,126906
POMS,5/20/2018,0,0,1,1,126920
POMS,5/22/2018,0,0,1,1,126911
POMS,5/23/2018,0,0,0,0,126912
POMS,5/24/2018,0,0,0,0,126913
POMS,5/26/2018,0,0,3,3,126914
POMS,5/27/2018,0,0,2,2,126921
POMS,5/27/2018,0,0,0,0,126915
POMS,5/29/2018,0,0,1,1,126907
POMS,5/30/2018,0,0,0,0,126908
POMS,5/31/2018,0,0,0,0,126909
POMS,6/3/2018,0,0,3,3,126932
POMS,6/4/2018,0,0,0,0,126927
POMS,6/8/2018,0,0,0,0,126933
POMS,6/9/2018,0,0,0,0,126928
POMS,6/10/2018,0,0,5,5,126922
POMS,6/14/2018,0,0,0,0,126923
POMS,6/15/2018,0,0,1,1,126929
POMS,6/16/2018,0,0,4,4,126934
POMS,6/16/2018,0,0,0,0,126924
POMS,6/17/2018,0,0,0,0,126935
POMS,6/18/2018,0,0,0,0,126930
POMS,6/21/2018,0,0,0,0,126925
POMS,6/23/2018,0,0,3,3,126936
POMS,6/23/2018,0,0,1,1,126926
POMS,6/25/2018,0,0,1,1,126937
POMS,6/26/2018,0,0,0,0,126938
POMS,6/29/2018,0,0,0,0,126939
POMS,6/30/2018,0,0,0,0,126931
POMS,7/1/2018,0,0,4,4,94571
POMS,7/1/2018,0,0,1,1,94569
POMS,7/5/2018,0,0,0,0,126946
POMS,7/6/2018,0,0,1,1,126942
POMS,7/9/2018,0,0,0,0,126947
POMS,7/14/2018,0,0,6,6,126943
POMS,7/15/2018,0,0,3,3,126944
POMS,7/18/2018,0,0,0,0,126945
POMS,7/22/2018,0,0,3,3,126940
POMS,7/27/2018,0,0,0,0,126941
POMS,7/28/2018,0,0,4,4,126948
POMS,8/4/2018,0,0,0,0,126953
POMS,8/5/2018,0,0,0,0,126954
POMS,8/6/2018,0,0,0,0,126955
POMS,8/7/2018,0,0,0,0,126957
POMS,8/11/2018,0,0,1,1,126958
POMS,8/12/2018,0,0,0,0,126959
POMS,8/13/2018,0,0,0,0,126960
POMS,8/14/2018,0,0,0,0,126949
POMS,8/15/2018,0,0,0,0,126956
POMS,8/18/2018,0,0,0,0,126950
POMS,8/19/2018,0,0,6,6,126951
POMS,8/22/2018,0,0,0,0,126952
POMS,9/4/2018,0,0,2,2,126969
POMS,9/9/2018,0,0,0,0,126970
POMS,9/14/2018,0,0,4,4,126965
POMS,9/16/2018,0,0,12,12,126961
POMS,9/17/2018,0,0,0,0,126962
POMS,9/18/2018,0,0,0,0,126963
POMS,9/22/2018,0,0,2,2,126971
POMS,9/22/2018,0,0,6,6,126966
POMS,9/23/2018,0,0,0,0,126964
POMS,9/24/2018,0,0,0,0,126972
POMS,9/27/2018,0,0,2,2,126967
POMS,9/29/2018,0,0,10,10,126968
POMS,10/2/2018,0,0,0,0,126973
POMS,10/6/2018,0,0,0,0,126977
POMS,10/7/2018,0,0,0,0,126981
POMS,10/8/2018,0,0,4,4,126982
POMS,10/9/2018,0,0,0,0,126974
POMS,10/11/2018,0,0,0,0,126978
POMS,10/12/2018,0,0,0,0,126979
POMS,10/14/2018,0,0,0,0,126983
POMS,10/20/2018,0,0,18,18,126975
POMS,10/26/2018,0,0,22,22,126984
POMS,10/27/2018,0,0,24,24,126976
POMS,10/28/2018,0,0,20,20,126980
GELO,3/31/2019,0,0,21,11,134351
GELO,4/6/2019,0,0,15,14,134355
GELO,4/7/2019,0,0,9,13,134356
GELO,4/14/2019,0,0,3,9,134357
GELO,4/14/2019,0,0,6,4,134357
GELO,4/17/2019,0,0,0,10,134358
GELO,4/18/2019,0,0,3,12,134359
GELO,4/22/2019,0,0,0,5,134360
GELO,4/23/2019,0,0,1,5,134361
GELO,4/27/2019,0,0,7,15,134362
GELO,4/27/2019,0,0,6,5,134362
GELO,4/28/2019,0,0,2,9,134363
GELO,4/28/2019,0,0,9,3,134363
GELO,5/1/2019,0,0,4,6,134364
GELO,5/4/2019,0,0,18,11,134365
GELO,5/7/2019,0,0,7,0,134366
GELO,5/10/2019,0,0,6,7,134367
GELO,5/10/2019,0,0,6,6,134367
GELO,5/11/2019,0,0,11,6,134368
GELO,5/11/2019,0,0,10,5,134368
GELO,5/19/2019,0,0,8,15,134369
GELO,5/19/2019,0,0,4,14,134369
GELO,5/25/2019,0,0,17,12,134370
GELO,5/26/2019,0,0,7,9,134371
GELO,5/28/2019,0,0,10,0,134372
GELO,5/29/2019,0,0,3,2,134373
GELO,6/1/2019,0,0,20,13,134374
GELO,6/1/2019,0,0,8,10,134374
GELO,6/2/2019,0,0,3,7,134375
GELO,6/3/2019,0,0,0,13,134376
GELO,6/4/2019,0,0,3,2,134377
GELO,6/10/2019,0,0,10,2,134378
GELO,6/14/2019,0,0,7,0,134409
GELO,6/15/2019,0,0,4,5,134408
GELO,6/21/2019,0,0,5,5,134379
GELO,6/23/2019,0,0,4,4,134380
GELO,6/23/2019,0,0,5,5,134380
GELO,6/24/2019,0,0,3,3,134381
GELO,6/29/2019,0,0,1,1,134382
GELO,7/1/2019,0,0,1,1,134410
GELO,7/13/2019,0,0,2,2,134411
GELO,7/20/2019,0,0,2,2,134412
GELO,7/23/2019,0,0,4,4,134413
GELO,7/28/2019,0,0,10,10,134419
GELO,8/3/2019,0,0,3,3,134415
GELO,8/3/2019,0,0,1,1,134415
GELO,8/7/2019,0,0,2,2,134416
GELO,8/9/2019,0,0,8,8,134417
GELO,8/11/2019,0,0,1,1,134418
GELO,8/13/2019,0,0,2,2,135056
GELO,8/23/2019,0,0,3,3,135057
GELO,8/24/2019,0,0,2,2,135058
GELO,9/1/2019,0,0,2,2,135059
GELO,9/4/2019,0,0,3,3,135060
GELO,9/7/2019,0,0,5,5,135061
GELO,9/14/2019,0,0,2,2,135073
GELO,10/5/2019,0,0,2,2,135074
GELO,10/6/2019,0,0,3,3,135075
GELO,10/16/2019,0,0,1,1,135076
GELO,10/18/2019,0,0,1,1,135077
GELO,10/22/2019,0,0,2,2,135078
GELO,10/26/2019,0,0,2,2,135079
GELO,10/27/2019,0,0,1,1,135080
GELO,10/29/2019,0,0,3,3,135081
GELO,3/1/2020,0,0,4,4,135182
GELO,3/7/2020,0,0,3,3,135187
GELO,3/10/2020,0,0,5,5,135191
GELO,3/19/2021,0,0,18,18,136303
GELO,3/15/2022,0,0,4,4,136285
GELO,3/16/2022,0,0,3,3,136287
GELO,3/18/2022,0,0,2,2,136302
GELO,3/19/2022,0,0,18,0,136921
GELO,3/25/2022,0,0,1,1,136305
GELO,3/27/2022,0,0,2,2,136346
GELO,3/28/2022,0,0,4,0,136347
GELO,4/2/2022,0,0,2,0,136930
GELO,4/3/2022,0,0,2,0,136932
GELO,4/9/2022,0,0,5,0,136933
GELO,4/16/2022,7,7,2,2,136939
GELO,4/16/2022,0,0,0,0,136939
GELO,4/20/2022,0,0,0,0,136937
GELO,4/22/2022,0,0,7,7,136938
GELO,4/22/2022,0,0,0,0,136938
GELO,4/23/2022,0,0,4,0,136943
GELO,4/23/2022,0,0,3,0,136943
GELO,4/23/2022,7,0,9,0,136943
GELO,4/23/2022,0,0,4,0,136944
GELO,4/24/2022,0,0,0,0,136950
GELO,4/24/2022,4,0,2,0,136950
GELO,4/26/2022,0,0,0,0,136948
GELO,4/26/2022,1,0,0,0,136948
GELO,4/28/2022,10,0,4,0,136946
GELO,4/28/2022,0,0,0,0,136946
GELO,4/30/2022,0,0,0,0,136947
GELO,4/30/2022,3,0,11,0,136947
GELO,5/1/2022,15,0,15,0,136949
GELO,5/1/2022,0,0,0,0,136949
GELO,5/2/2022,0,0,1,0,136889
GELO,5/2/2022,0,0,0,0,136889
GELO,5/2/2022,0,0,1,0,136952
GELO,5/2/2022,0,,0,,136889
RFFA,3/4/2023,0,0,7,4,138060
RFFA,3/5/2023,0,0,8,10,138057
RFFA,3/7/2023,0,0,0,2,138061
RFFA,3/9/2023,0,0,0,0,138073
RFFA,3/12/2023,0,0,2,2,138076
RFFA,3/15/2023,0,0,5,3,138079
RFFA,3/18/2023,0,0,0,0,138094
RFFA,3/20/2023,0,0,5,5,138096
RFFA,3/25/2023,0,0,6,4,138433
RFFA,3/26/2023,0,0,0,0,138431
RFFA,3/27/2023,0,0,0,0,138428
RFFA,3/29/2023,0,0,4,8,138426
RFFA,4/1/2023,0,0,10,6,138124
RFFA,4/2/2023,0,0,4,10,138121
RFFA,4/3/2023,0,0,4,10,138120
RFFA,4/6/2023,0,0,5,1,138425
RFFA,4/8/2023,0,0,15,16,138416
RFFA,4/9/2023,0,0,7,12,138413
RFFA,4/12/2023,0,0,2,1,138167
RFFA,4/14/2023,0,0,3,7,138412
RFFA,4/15/2023,0,0,6,0,138186
RFFA,4/17/2023,0,0,4,1,138405
RFFA,4/19/2023,0,0,3,6,138407
RFFA,4/20/2023,0,0,0,2,138409
RFFA,4/22/2023,0,0,1,1,138400
RFFA,4/23/2023,0,0,14,17,138399
RFFA,4/24/2023,0,0,2,2,138396
RFFA,4/28/2023,0,0,8,7,138782
RFFA,4/29/2023,0,0,0,4,138781
RFFA,4/30/2023,0,0,11,4,138753
RFFA,5/1/2023,0,0,6,6,138751
RFFA,5/4/2023,0,0,8,3,138750
RFFA,5/6/2023,0,0,6,9,138712
RFFA,5/9/2023,0,0,1,3,138709
RFFA,5/12/2023,0,0,4,14,138814
RFFA,5/13/2023,0,0,1,16,138812
RFFA,5/14/2023,0,0,19,21,138784
RFFA,5/14/2023,0,0,20,10,138784
RFFA,5/17/2023,0,0,4,8,138577
RFFA,5/19/2023,0,0,7,11,138575
RFFA,5/20/2023,0,0,11,24,138573
RFFA,5/21/2023,0,0,11,21,138571
RFFA,5/21/2023,0,0,12,8,138571
RFFA,5/26/2023,0,0,13,14,138990
RFFA,5/27/2023,0,0,11,16,138989
RFFA,5/28/2023,0,0,26,30,138987
RFFA,5/29/2023,0,0,9,15,138982
RFFA,5/31/2023,0,0,1,5,138981
RFFA,6/3/2023,0,0,7,13,138975
RFFA,6/4/2023,0,0,11,21,138974
RFFA,6/6/2023,0,0,4,0,138965
RFFA,6/9/2023,0,0,12,7,138963
RFFA,6/10/2023,0,0,8,9,138961
RFFA,6/11/2023,0,0,3,9,138959
RFFA,6/12/2023,0,9,6,2,138956
RFFA,6/15/2023,0,0,12,13,138952
RFFA,6/17/2023,0,0,18,14,138950
RFFA,6/18/2023,0,0,13,11,138944
RFFA,6/20/2023,0,0,7,1,138940
RFFA,6/21/2023,0,0,2,2,138938
RFFA,6/23/2023,0,0,3,4,138924
RFFA,6/24/2023,0,0,7,7,138922
RFFA,6/25/2023,0,0,12,8,138920
RFFA,6/28/2023,0,0,8,4,139089
RFFA,6/30/2023,0,0,8,0,139081
RFFA,7/1/2023,0,0,14,11,139080
RFFA,7/2/2023,0,0,17,19,139073
RFFA,7/3/2023,0,0,3,11,139042
RFFA,7/8/2023,0,0,18,16,139040
RFFA,7/9/2023,0,0,13,21,139037
RFFA,7/14/2023,0,0,6,6,139952
RFFA,7/16/2023,0,0,2,4,139948
RFFA,7/19/2023,0,0,10,5,139939
RFFA,7/21/2023,0,0,7,9,139937
RFFA,7/26/2023,0,0,0,0,139151
RFFA,7/28/2023,0,0,3,2,139149
RFFA,7/29/2023,0,0,8,9,139147
RFFA,8/2/2023,0,0,2,3,139145
RFFA,8/3/2023,0,0,2,1,139143
RFFA,8/5/2023,0,0,9,16,139141
RFFA,8/6/2023,0,0,4,7,139140
RFFA,8/12/2023,0,0,7,16,140089
RFFA,8/15/2023,0,0,7,1,140086
RFFA,8/18/2023,0,0,0,5,140085
RFFA,8/24/2023,0,0,2,1,140057
RFFA,8/26/2023,0,0,18,12,140010
RFFA,8/27/2023,0,0,11,6,140012
RFFA,8/31/2023,0,0,6,1,140081
RFFA,9/1/2023,0,0,6,8,140076
RFFA,9/2/2023,0,0,5,5,140075
RFFA,9/3/2023,0,0,7,6,140062
RFFA,9/5/2023,0,0,7,4,140061
RFFA,9/8/2023,0,0,4,2,140058
RFFA,9/16/2023,0,0,9,16,140054
RFFA,9/17/2023,0,0,12,5,140013
RFFA,9/20/2023,0,0,1,2,140009
RFFA,9/21/2023,0,0,3,3,139973
RFFA,9/23/2023,0,0,1,6,139971
RFFA,9/27/2023,0,0,3,1,139969
RFFA,9/30/2023,0,0,0,6,139967
RFFA,10/14/2023,0,0,9,6,139965
RFFA,10/15/2023,0,0,4,6,139964
RFFA,10/16/2023,0,0,1,4,139962
RFFA,10/20/2023,0,0,4,12,139765
RFFA,10/21/2023,0,0,1,8,139762
RFFA,10/22/2023,0,0,12,12,139758
RFFA,10/24/2023,0,0,4,7,139949
RFFA,10/25/2023,0,0,9,8,139945
RFFA,10/30/2023,0,0,0,2,139944
RFFA,10/31/2023,0,0,2,0,139941
RFFA,3/1/2024,0,0,11,0,140521
HISB,3/6/2024,0,0,3,3,140250
RFFA,3/7/2024,0,0,0,0,140524
HISB,3/9/2024,0,0,2,2,140345
HISB,3/10/2024,0,0,0,0,140346
RFFA,3/11/2024,0,0,10,5,140520
RFFA,3/13/2024,0,0,0,3,140381
HISB,3/15/2024,0,0,1,0,140361
RFFA,3/15/2024,0,0,4,6,140516
HISB,3/16/2024,0,0,5,0,140362
RFFA,3/16/2024,0,0,5,10,140515
RFFA,3/18/2024,0,0,0,0,140513
HISB,3/19/2024,0,0,1,0,140363
HISB,3/22/2024,0,0,0,0,140364
RFFA,3/23/2024,0,0,4,4,140497
HISB,3/24/2024,0,0,2,0,140365
HISB,3/26/2024,0,0,0,0,140366
HISB,3/28/2024,0,0,0,0,140367
RFFA,3/29/2024,0,0,12,7,140491
HISB,3/30/2024,0,0,0,0,140368
RFFA,3/30/2024,0,0,13,15,140285
HISB,3/31/2024,0,0,4,0,140369
RFFA,4/1/2024,0,0,4,6,140283
HISB,4/3/2024,0,0,0,0,140370
HISB,4/5/2024,0,0,1,0,140371
HISB,4/6/2024,0,0,0,0,140372
HISB,4/6/2024,0,0,2,0,140372
RFFA,4/6/2024,0,0,4,3,140281
HISB,4/7/2024,0,0,1,0,140373
RFFA,4/7/2024,0,0,2,3,140279
HISB,4/9/2024,0,0,0,0,140374
RFFA,4/9/2024,0,0,1,4,140278
HISB,4/11/2024,0,0,0,0,140375
RFFA,4/11/2024,0,0,1,2,140276
HISB,4/13/2024,0,0,0,0,140376
RFFA,4/13/2024,0,0,16,17,140274
HISB,4/14/2024,0,0,1,0,140377
HISB,4/14/2024,0,0,6,0,140377
RFFA,4/14/2024,0,0,2,4,140271
RFFA,4/14/2024,0,0,13,9,140271
RFFA,4/16/2024,0,0,0,0,140980
HISB,4/17/2024,0,0,0,0,140378
HISB,4/18/2024,0,0,3,0,140379
RFFA,4/18/2024,0,0,0,0,140977
RFFA,4/20/2024,0,0,3,5,140956
RFFA,4/21/2024,0,0,6,6,140954
HISB,4/22/2024,0,0,1,0,140380
RFFA,4/25/2024,0,0,0,0,140953
HISB,4/26/2024,0,0,4,0,140506
HISB,4/27/2024,0,0,4,0,140509
HISB,4/27/2024,0,0,5,0,140509
RFFA,4/27/2024,0,0,10,1,141965
HISB,4/28/2024,0,0,2,0,140510
RFFA,4/28/2024,0,0,8,14,140780
HISB,4/29/2024,0,0,7,0,140511
RFFA,4/29/2024,0,0,4,7,140778
RFFA,4/30/2024,0,0,0,1,140776
HISB,5/2/2024,0,0,2,0,140573
HISB,5/3/2024,0,0,7,0,140574
HISB,5/3/2024,0,0,3,0,140574
RFFA,5/3/2024,0,0,25,14,140762
HISB,5/4/2024,0,0,10,0,140575
RFFA,5/4/2024,0,0,9,14,140700
HISB,5/5/2024,0,0,4,0,140576
RFFA,5/5/2024,0,0,2,5,140701
HISB,5/7/2024,0,0,3,0,140577
RFFA,5/8/2024,0,0,8,8,140595
HISB,5/11/2024,0,0,4,0,140578
HISB,5/11/2024,0,0,2,0,140578
RFFA,5/11/2024,0,0,14,22,140594
HISB,5/12/2024,0,0,5,0,140579
RFFA,5/12/2024,0,0,16,7,140590
RFFA,5/13/2024,0,0,0,0,140589
HISB,5/17/2024,0,0,1,0,140580
RFFA,5/17/2024,0,0,2,2,140572
HISB,5/18/2024,0,0,4,0,140581
RFFA,5/18/2024,0,0,5,12,140570
HISB,5/19/2024,0,0,1,0,140582
HISB,5/19/2024,0,0,1,0,140582
RFFA,5/19/2024,0,0,12,12,140569
RFFA,5/20/2024,0,0,6,2,141963
HISB,5/21/2024,0,0,1,0,140583
HISB,5/23/2024,0,0,1,0,141046
RFFA,5/25/2024,0,0,1,5,141961
HISB,5/26/2024,0,0,2,0,141047
RFFA,5/26/2024,0,0,21,18,141933
HISB,5/28/2024,0,0,2,0,141048
RFFA,5/28/2024,0,0,1,3,141931
RFFA,5/29/2024,0,0,2,2,141938
RFFA,5/30/2024,0,0,1,5,141937
RFFA,5/31/2024,0,0,6,7,141934
HISB,6/1/2024,0,0,12,0,141049
RFFA,6/1/2024,0,0,11,8,141930
HISB,6/2/2024,0,0,11,0,141050
RFFA,6/2/2024,0,0,7,12,141921
HISB,6/3/2024,0,0,2,0,141051
RFFA,6/3/2024,0,0,1,4,141920
HISB,6/4/2024,0,0,4,0,141052
RFFA,6/4/2024,0,0,4,7,141925
HISB,6/7/2024,0,0,4,0,141053
HISB,6/8/2024,0,0,3,0,141063
RFFA,6/8/2024,0,0,5,13,141928
RFFA,6/9/2024,0,0,11,17,141927
HISB,6/10/2024,0,0,4,0,141064
RFFA,6/10/2024,0,0,5,7,141917
HISB,6/11/2024,0,0,5,0,141065
RFFA,6/13/2024,0,0,1,4,141915
HISB,6/14/2024,0,0,10,0,141066
RFFA,6/14/2024,0,0,3,7,141914
HISB,6/15/2024,0,0,2,0,141067
RFFA,6/15/2024,0,0,0,11,141911
HISB,6/16/2024,0,0,3,0,141068
RFFA,6/16/2024,0,0,0,2,141910
RFFA,6/17/2024,0,0,7,10,141736
RFFA,6/18/2024,0,0,3,4,141733
RFFA,6/20/2024,0,0,0,5,141732
HISB,6/21/2024,0,0,2,0,141069
RFFA,6/21/2024,0,0,9,4,141730
HISB,6/22/2024,0,0,0,0,141070
RFFA,6/22/2024,0,0,6,4,141728
HISB,6/23/2024,0,0,2,0,141071
HISB,6/23/2024,0,0,0,0,141071
RFFA,6/23/2024,0,0,4,5,141726
HISB,6/24/2024,0,0,3,0,141072
HISB,6/29/2024,0,0,3,0,141074
HISB,6/30/2024,0,0,5,0,141075
HISB,7/2/2024,0,0,0,0,141078
RFFA,7/5/2024,0,0,21,25,141712
HISB,7/6/2024,0,0,3,0,141079
RFFA,7/6/2024,0,0,2,6,141709
HISB,7/8/2024,0,0,0,0,141080
RFFA,7/8/2024,0,0,1,2,141708
RFFA,7/10/2024,0,0,1,4,141705
RFFA,7/11/2024,0,0,3,4,141703
HISB,7/12/2024,0,0,3,0,141081
HISB,7/13/2024,0,0,17,0,141082
RFFA,7/13/2024,0,0,4,5,141701
HISB,7/14/2024,0,0,6,0,141083
RFFA,7/14/2024,0,0,4,3,141699
RFFA,7/15/2024,0,0,1,2,141697
HISB,7/21/2024,0,0,4,0,141084
RFFA,7/21/2024,0,0,15,7,141695
HISB,7/23/2024,0,0,3,0,141085
RFFA,7/24/2024,0,0,1,2,141831
HISB,7/26/2024,0,0,0,0,141839
HISB,7/27/2024,0,0,1,0,141840
RFFA,7/27/2024,0,0,2,5,141830
HISB,7/28/2024,0,0,3,0,141841
RFFA,7/28/2024,0,0,6,3,141827
HISB,7/31/2024,0,0,5,0,141842
RFFA,8/1/2024,0,0,2,0,141825
HISB,8/3/2024,0,0,2,0,141847
HISB,8/4/2024,0,0,5,5,141848
RFFA,8/4/2024,0,0,6,9,141823
RFFA,8/6/2024,0,0,5,2,141822
HISB,8/7/2024,0,0,8,8,141849
RFFA,8/8/2024,0,0,2,3,141820
HISB,8/9/2024,0,0,2,2,141850
RFFA,8/9/2024,0,0,4,3,141818
HISB,8/11/2024,0,0,5,5,141851
RFFA,8/11/2024,0,0,5,5,141815
HISB,8/12/2024,0,0,2,2,141852
HISB,8/13/2024,0,0,2,2,141853
RFFA,8/13/2024,0,0,4,5,141814
HISB,8/14/2024,0,0,0,0,141854
HISB,8/17/2024,0,0,3,3,141855
RFFA,8/17/2024,0,0,17,7,141812
RFFA,8/21/2024,0,0,4,2,141809
HISB,8/24/2024,0,0,3,3,141856
RFFA,8/25/2024,0,0,0,1,141807
HISB,8/27/2024,0,0,0,0,141857
HISB,8/31/2024,0,0,6,6,141858
RFFA,8/31/2024,0,0,5,8,141797
HISB,9/1/2024,0,0,0,0,141859
HISB,9/3/2024,0,0,0,0,141860
HISB,9/7/2024,0,0,3,3,141861
RFFA,9/7/2024,0,0,8,7,141782
RFFA,9/8/2024,0,0,8,8,141780
HISB,9/13/2024,0,0,1,1,141862
HISB,9/14/2024,0,0,63,3,141863
RFFA,9/14/2024,0,0,2,3,141778
HISB,9/19/2024,0,0,3,3,141864
RFFA,9/19/2024,0,0,1,0,141776
HISB,9/21/2024,0,0,0,0,141865
HISB,9/22/2024,0,0,0,0,141866
RFFA,9/22/2024,0,0,0,0,141774
HISB,9/23/2024,0,0,0,0,141867
HISB,9/24/2024,0,0,1,1,141868
RFFA,9/24/2024,0,0,0,0,141771
RFFA,9/26/2024,0,0,2,0,141770
HISB,9/27/2024,0,0,1,1,141869
HISB,9/29/2024,0,0,0,0,141870
RFFA,9/29/2024,0,0,4,7,141764
RFFA,10/1/2024,0,0,0,3,141753
HISB,10/2/2024,0,0,2,2,141871
RFFA,10/3/2024,0,0,2,0,141751
HISB,10/5/2024,0,0,1,1,141872
HISB,10/6/2024,0,0,1,1,141873
HISB,10/10/2024,0,0,0,0,141874
RFFA,10/11/2024,0,0,5,3,141749
RFFA,10/12/2024,0,0,7,7,141745
RFFA,10/13/2024,0,0,4,7,141743
HISB,10/14/2024,0,0,0,0,141875
HISB,10/16/2024,0,0,0,0,141876
HISB,10/18/2024,0,0,1,1,141877
HISB,10/19/2024,0,0,0,0,141878
RFFA,10/19/2024,0,0,6,6,141742
HISB,10/20/2024,0,0,9,9,141879
RFFA,10/20/2024,0,0,4,0,141740
HISB,10/26/2024,0,0,8,0,141880
HISB,10/27/2024,0,0,0,0,141881
RFFA,10/27/2024,0,0,16,16,141738
HISB,10/30/2024,0,0,0,0,141882
